task_id,status,confidence,review_reason,person_id,image_id,split,redacted_image_uri,family,category,occasion,formality,aesthetic_tags,color_mood,layering,fit,silhouette,color_family,pattern,style_item_id
auto_style_000006,needs_review,0.69,color_mood_unknown|fit_unknown|silhouette_unknown|color_family_unknown,p_5e2e762e7ba4,p_5e2e762e7ba4_01,train,redacted/deepfashion_with_masks_balanced_10_20/p_5e2e762e7ba4_01.jpg,top,tank,casual,casual,casual_basic,unknown,single_layer,unknown,unknown,unknown,stripe,style_top|tank|casual|unknown|unknown|casual_basic
auto_style_000026,needs_review,0.69,color_mood_unknown|fit_unknown|silhouette_unknown|color_family_unknown,p_a2de569a1d7f,p_a2de569a1d7f_01,train,redacted/deepfashion_with_masks_balanced_10_20/p_a2de569a1d7f_01.jpg,top,tank,casual,casual,casual_basic,unknown,single_layer,unknown,unknown,unknown,solid,style_top|tank|casual|unknown|unknown|casual_basic
auto_style_000036,needs_review,0.69,color_mood_unknown|fit_unknown|silhouette_unknown|color_family_unknown,p_9a50369536c9,p_9a50369536c9_01,train,redacted/deepfashion_with_masks_balanced_10_20/p_9a50369536c9_01.jpg,dress_jumpsuit,midi_dress,casual,casual,classic|romantic,unknown,single_layer,unknown,unknown,unknown,stripe,style_dress_jumpsuit|midi_dress|casual|unknown|unknown|classic+romantic
auto_style_000043,needs_review,0.69,color_mood_unknown|fit_unknown|silhouette_unknown|color_family_unknown,p_d4d47b2521bd,p_d4d47b2521bd_01,train,redacted/deepfashion_with_masks_balanced_10_20/p_d4d47b2521bd_01.jpg,top,tank,casual,casual,casual_basic,unknown,single_layer,unknown,unknown,unknown,solid,style_top|tank|casual|unknown|unknown|casual_basic
auto_style_000060,needs_review,0.69,color_mood_unknown|fit_unknown|silhouette_unknown|color_family_unknown,p_d9e04d5b8d3c,p_d9e04d5b8d3c_01,train,redacted/deepfashion_with_masks_balanced_10_20/p_d9e04d5b8d3c_01.jpg,dress_jumpsuit,midi_dress,casual,casual,classic|romantic,unknown,single_layer,unknown,unknown,unknown,solid,style_dress_jumpsuit|midi_dress|casual|unknown|unknown|classic+romantic
auto_style_000065,needs_review,0.69,color_mood_unknown|fit_unknown|silhouette_unknown|color_family_unknown,p_207a19789a31,p_207a19789a31_01,train,redacted/deepfashion_with_masks_balanced_10_20/p_207a19789a31_01.jpg,top,tank,casual,casual,casual_basic,unknown,single_layer,unknown,unknown,unknown,plaid,style_top|tank|casual|unknown|unknown|casual_basic
auto_style_000068,needs_review,0.69,color_mood_unknown|fit_unknown|silhouette_unknown|color_family_unknown,p_972be3accdf3,p_972be3accdf3_01,train,redacted/deepfashion_with_masks_balanced_10_20/p_972be3accdf3_01.jpg,top,sweater,casual,casual,casual_basic|soft,unknown,single_layer,unknown,unknown,unknown,solid,style_top|sweater|casual|unknown|unknown|casual_basic+soft
auto_style_000092,needs_review,0.69,color_mood_unknown|fit_unknown|silhouette_unknown|color_family_unknown,p_dc1124d71733,p_dc1124d71733_01,train,redacted/deepfashion_with_masks_balanced_10_20/p_dc1124d71733_01.jpg,top,tank,casual,casual,casual_basic,unknown,single_layer,unknown,unknown,unknown,stripe,style_top|tank|casual|unknown|unknown|casual_basic
auto_style_000095,needs_review,0.69,color_mood_unknown|fit_unknown|silhouette_unknown|color_family_unknown,p_d9e04d5b8d3c,p_d9e04d5b8d3c_02,train,redacted/deepfashion_with_masks_balanced_10_20/p_d9e04d5b8d3c_02.jpg,dress_jumpsuit,midi_dress,casual,casual,classic|romantic,unknown,single_layer,unknown,unknown,unknown,solid,style_dress_jumpsuit|midi_dress|casual|unknown|unknown|classic+romantic
auto_style_000097,needs_review,0.69,color_mood_unknown|fit_unknown|silhouette_unknown|color_family_unknown,p_7dd5f13e9cd9,p_7dd5f13e9cd9_01,train,redacted/deepfashion_with_masks_balanced_10_20/p_7dd5f13e9cd9_01.jpg,top,tank,casual,casual,casual_basic,unknown,single_layer,unknown,unknown,unknown,stripe,style_top|tank|casual|unknown|unknown|casual_basic
auto_style_000113,needs_review,0.69,color_mood_unknown|fit_unknown|silhouette_unknown|color_family_unknown,p_f241634a05ea,p_f241634a05ea_01,train,redacted/deepfashion_with_masks_balanced_10_20/p_f241634a05ea_01.jpg,top,tank,casual,casual,casual_basic,unknown,single_layer,unknown,unknown,unknown,solid,style_top|tank|casual|unknown|unknown|casual_basic
auto_style_000120,needs_review,0.69,color_mood_unknown|fit_unknown|silhouette_unknown|color_family_unknown,p_cd235380485b,p_cd235380485b_01,train,redacted/deepfashion_with_masks_balanced_10_20/p_cd235380485b_01.jpg,top,tank,casual,casual,casual_basic,unknown,single_layer,unknown,unknown,unknown,stripe,style_top|tank|casual|unknown|unknown|casual_basic
auto_style_000130,needs_review,0.69,color_mood_unknown|fit_unknown|silhouette_unknown|color_family_unknown,p_149444f6a07a,p_149444f6a07a_01,train,redacted/deepfashion_with_masks_balanced_10_20/p_149444f6a07a_01.jpg,top,blouse,casual,casual,classic|minimal,unknown,single_layer,unknown,unknown,unknown,solid,style_top|blouse|casual|unknown|unknown|classic+minimal
auto_style_000138,needs_review,0.69,color_mood_unknown|fit_unknown|silhouette_unknown|color_family_unknown,p_313db47e4f92,p_313db47e4f92_01,train,redacted/deepfashion_with_masks_balanced_10_20/p_313db47e4f92_01.jpg,top,sweater,casual,casual,casual_basic|soft,unknown,single_layer,unknown,unknown,unknown,stripe,style_top|sweater|casual|unknown|unknown|casual_basic+soft
auto_style_000139,needs_review,0.69,color_mood_unknown|fit_unknown|silhouette_unknown|color_family_unknown,p_1c3016da215c,p_1c3016da215c_01,train,redacted/deepfashion_with_masks_balanced_10_20/p_1c3016da215c_01.jpg,top,sweater,casual,casual,casual_basic|soft,unknown,single_layer,unknown,unknown,unknown,solid,style_top|sweater|casual|unknown|unknown|casual_basic+soft
auto_style_000161,needs_review,0.69,color_mood_unknown|fit_unknown|silhouette_unknown|color_family_unknown,p_f543eadbbd71,p_f543eadbbd71_03,train,redacted/deepfashion_with_masks_balanced_10_20/p_f543eadbbd71_03.jpg,top,tank,casual,casual,casual_basic,unknown,single_layer,unknown,unknown,unknown,solid,style_top|tank|casual|unknown|unknown|casual_basic
auto_style_000171,needs_review,0.69,color_mood_unknown|fit_unknown|silhouette_unknown|color_family_unknown,p_94fbe0eebea3,p_94fbe0eebea3_01,train,redacted/deepfashion_with_masks_balanced_10_20/p_94fbe0eebea3_01.jpg,top,tank,casual,casual,casual_basic,unknown,single_layer,unknown,unknown,unknown,solid,style_top|tank|casual|unknown|unknown|casual_basic
auto_style_000180,needs_review,0.69,color_mood_unknown|fit_unknown|silhouette_unknown|color_family_unknown,p_a78fca6fc42a,p_a78fca6fc42a_01,train,redacted/deepfashion_with_masks_balanced_10_20/p_a78fca6fc42a_01.jpg,top,blouse,casual,casual,classic|minimal,unknown,single_layer,unknown,unknown,unknown,solid,style_top|blouse|casual|unknown|unknown|classic+minimal
auto_style_000186,needs_review,0.69,color_mood_unknown|fit_unknown|silhouette_unknown|color_family_unknown,p_b1909b077f20,p_b1909b077f20_02,train,redacted/deepfashion_with_masks_balanced_10_20/p_b1909b077f20_02.jpg,top,sweater,casual,casual,casual_basic|soft,unknown,single_layer,unknown,unknown,unknown,solid,style_top|sweater|casual|unknown|unknown|casual_basic+soft
auto_style_000192,needs_review,0.69,color_mood_unknown|fit_unknown|silhouette_unknown|color_family_unknown,p_6d933b9f48fb,p_6d933b9f48fb_01,train,redacted/deepfashion_with_masks_balanced_10_20/p_6d933b9f48fb_01.jpg,top,tank,casual,casual,casual_basic,unknown,single_layer,unknown,unknown,unknown,solid,style_top|tank|casual|unknown|unknown|casual_basic
auto_style_000216,needs_review,0.69,color_mood_unknown|fit_unknown|silhouette_unknown|color_family_unknown,p_44ca0dc442d7,p_44ca0dc442d7_01,train,redacted/deepfashion_with_masks_balanced_10_20/p_44ca0dc442d7_01.jpg,top,sweater,casual,casual,casual_basic|soft,unknown,single_layer,unknown,unknown,unknown,solid,style_top|sweater|casual|unknown|unknown|casual_basic+soft
auto_style_000222,needs_review,0.69,color_mood_unknown|fit_unknown|silhouette_unknown|color_family_unknown,p_9ee0d111148b,p_9ee0d111148b_01,train,redacted/deepfashion_with_masks_balanced_10_20/p_9ee0d111148b_01.jpg,top,tank,casual,casual,casual_basic,unknown,single_layer,unknown,unknown,unknown,stripe,style_top|tank|casual|unknown|unknown|casual_basic
auto_style_000234,needs_review,0.69,color_mood_unknown|fit_unknown|silhouette_unknown|color_family_unknown,p_6eca6198a9b8,p_6eca6198a9b8_02,train,redacted/deepfashion_with_masks_balanced_10_20/p_6eca6198a9b8_02.jpg,top,sweater,casual,casual,casual_basic|soft,unknown,single_layer,unknown,unknown,unknown,solid,style_top|sweater|casual|unknown|unknown|casual_basic+soft
auto_style_000235,needs_review,0.69,color_mood_unknown|fit_unknown|silhouette_unknown|color_family_unknown,p_757eee7040d3,p_757eee7040d3_01,train,redacted/deepfashion_with_masks_balanced_10_20/p_757eee7040d3_01.jpg,top,sweater,casual,casual,casual_basic|soft,unknown,single_layer,unknown,unknown,unknown,solid,style_top|sweater|casual|unknown|unknown|casual_basic+soft
auto_style_000243,needs_review,0.69,color_mood_unknown|fit_unknown|silhouette_unknown|color_family_unknown,p_fc67ad8d0090,p_fc67ad8d0090_01,train,redacted/deepfashion_with_masks_balanced_10_20/p_fc67ad8d0090_01.jpg,top,tank,casual,casual,casual_basic,unknown,single_layer,unknown,unknown,unknown,stripe,style_top|tank|casual|unknown|unknown|casual_basic
auto_style_000244,needs_review,0.69,color_mood_unknown|fit_unknown|silhouette_unknown|color_family_unknown,p_cd235380485b,p_cd235380485b_02,train,redacted/deepfashion_with_masks_balanced_10_20/p_cd235380485b_02.jpg,top,tank,casual,casual,casual_basic,unknown,single_layer,unknown,unknown,unknown,stripe,style_top|tank|casual|unknown|unknown|casual_basic
auto_style_000246,needs_review,0.69,color_mood_unknown|fit_unknown|silhouette_unknown|color_family_unknown,p_ab07fc27f838,p_ab07fc27f838_01,train,redacted/deepfashion_with_masks_balanced_10_20/p_ab07fc27f838_01.jpg,top,sweater,casual,casual,casual_basic|soft,unknown,single_layer,unknown,unknown,unknown,solid,style_top|sweater|casual|unknown|unknown|casual_basic+soft
auto_style_000247,needs_review,0.69,color_mood_unknown|fit_unknown|silhouette_unknown|color_family_unknown,p_3c6c5f66e44f,p_3c6c5f66e44f_03,train,redacted/deepfashion_with_masks_balanced_10_20/p_3c6c5f66e44f_03.jpg,top,sweater,casual,casual,casual_basic|soft,unknown,single_layer,unknown,unknown,unknown,solid,style_top|sweater|casual|unknown|unknown|casual_basic+soft
auto_style_000262,needs_review,0.69,color_mood_unknown|fit_unknown|silhouette_unknown|color_family_unknown,p_704cabed88d6,p_704cabed88d6_01,train,redacted/deepfashion_with_masks_balanced_10_20/p_704cabed88d6_01.jpg,top,sweater,casual,casual,casual_basic|soft,unknown,single_layer,unknown,unknown,unknown,solid,style_top|sweater|casual|unknown|unknown|casual_basic+soft
auto_style_000267,needs_review,0.69,color_mood_unknown|fit_unknown|silhouette_unknown|color_family_unknown,p_8732895e2418,p_8732895e2418_02,train,redacted/deepfashion_with_masks_balanced_10_20/p_8732895e2418_02.jpg,dress_jumpsuit,midi_dress,casual,casual,classic|romantic,unknown,single_layer,unknown,unknown,unknown,solid,style_dress_jumpsuit|midi_dress|casual|unknown|unknown|classic+romantic
auto_style_000279,needs_review,0.69,color_mood_unknown|fit_unknown|silhouette_unknown|color_family_unknown,p_6ec28e57c3ca,p_6ec28e57c3ca_02,train,redacted/deepfashion_with_masks_balanced_10_20/p_6ec28e57c3ca_02.jpg,top,blouse,casual,casual,classic|minimal,unknown,single_layer,unknown,unknown,unknown,solid,style_top|blouse|casual|unknown|unknown|classic+minimal
auto_style_000280,needs_review,0.69,color_mood_unknown|fit_unknown|silhouette_unknown|color_family_unknown,p_cf74eabb8a1d,p_cf74eabb8a1d_01,train,redacted/deepfashion_with_masks_balanced_10_20/p_cf74eabb8a1d_01.jpg,top,sweater,casual,casual,casual_basic|soft,unknown,single_layer,unknown,unknown,unknown,solid,style_top|sweater|casual|unknown|unknown|casual_basic+soft
auto_style_000298,needs_review,0.69,color_mood_unknown|fit_unknown|silhouette_unknown|color_family_unknown,p_cc73165c1cc7,p_cc73165c1cc7_02,train,redacted/deepfashion_with_masks_balanced_10_20/p_cc73165c1cc7_02.jpg,top,tank,casual,casual,casual_basic,unknown,single_layer,unknown,unknown,unknown,solid,style_top|tank|casual|unknown|unknown|casual_basic
auto_style_000301,needs_review,0.69,color_mood_unknown|fit_unknown|silhouette_unknown|color_family_unknown,p_3405cf9eaa3e,p_3405cf9eaa3e_01,train,redacted/deepfashion_with_masks_balanced_10_20/p_3405cf9eaa3e_01.jpg,top,sweater,casual,casual,casual_basic|soft,unknown,single_layer,unknown,unknown,unknown,solid,style_top|sweater|casual|unknown|unknown|casual_basic+soft
auto_style_000303,needs_review,0.69,color_mood_unknown|fit_unknown|silhouette_unknown|color_family_unknown,p_1c3016da215c,p_1c3016da215c_02,train,redacted/deepfashion_with_masks_balanced_10_20/p_1c3016da215c_02.jpg,top,sweater,casual,casual,casual_basic|soft,unknown,single_layer,unknown,unknown,unknown,solid,style_top|sweater|casual|unknown|unknown|casual_basic+soft
auto_style_000311,needs_review,0.69,color_mood_unknown|fit_unknown|silhouette_unknown|color_family_unknown,p_0f9418e82300,p_0f9418e82300_02,train,redacted/deepfashion_with_masks_balanced_10_20/p_0f9418e82300_02.jpg,top,tank,casual,casual,casual_basic,unknown,single_layer,unknown,unknown,unknown,solid,style_top|tank|casual|unknown|unknown|casual_basic
auto_style_000322,needs_review,0.69,color_mood_unknown|fit_unknown|silhouette_unknown|color_family_unknown,p_26636483d25f,p_26636483d25f_01,train,redacted/deepfashion_with_masks_balanced_10_20/p_26636483d25f_01.jpg,top,sweater,casual,casual,casual_basic|soft,unknown,single_layer,unknown,unknown,unknown,solid,style_top|sweater|casual|unknown|unknown|casual_basic+soft
auto_style_000328,needs_review,0.69,color_mood_unknown|fit_unknown|silhouette_unknown|color_family_unknown,p_d1e069a40058,p_d1e069a40058_01,train,redacted/deepfashion_with_masks_balanced_10_20/p_d1e069a40058_01.jpg,dress_jumpsuit,midi_dress,casual,casual,classic|romantic,unknown,single_layer,unknown,unknown,unknown,solid,style_dress_jumpsuit|midi_dress|casual|unknown|unknown|classic+romantic
auto_style_000336,needs_review,0.69,color_mood_unknown|fit_unknown|silhouette_unknown|color_family_unknown,p_18d64ba2ff31,p_18d64ba2ff31_02,train,redacted/deepfashion_with_masks_balanced_10_20/p_18d64ba2ff31_02.jpg,top,sweater,casual,casual,casual_basic|soft,unknown,single_layer,unknown,unknown,unknown,stripe,style_top|sweater|casual|unknown|unknown|casual_basic+soft
auto_style_000340,needs_review,0.69,color_mood_unknown|fit_unknown|silhouette_unknown|color_family_unknown,p_9fc07204fcdf,p_9fc07204fcdf_03,train,redacted/deepfashion_with_masks_balanced_10_20/p_9fc07204fcdf_03.jpg,top,blouse,casual,casual,classic|minimal,unknown,single_layer,unknown,unknown,unknown,solid,style_top|blouse|casual|unknown|unknown|classic+minimal
auto_style_000342,needs_review,0.69,color_mood_unknown|fit_unknown|silhouette_unknown|color_family_unknown,p_9ee0d111148b,p_9ee0d111148b_02,train,redacted/deepfashion_with_masks_balanced_10_20/p_9ee0d111148b_02.jpg,top,tank,casual,casual,casual_basic,unknown,single_layer,unknown,unknown,unknown,stripe,style_top|tank|casual|unknown|unknown|casual_basic
auto_style_000347,needs_review,0.69,color_mood_unknown|fit_unknown|silhouette_unknown|color_family_unknown,p_0f4d1f6ab72b,p_0f4d1f6ab72b_02,train,redacted/deepfashion_with_masks_balanced_10_20/p_0f4d1f6ab72b_02.jpg,dress_jumpsuit,midi_dress,casual,casual,classic|romantic,unknown,single_layer,unknown,unknown,unknown,solid,style_dress_jumpsuit|midi_dress|casual|unknown|unknown|classic+romantic
auto_style_000356,needs_review,0.69,color_mood_unknown|fit_unknown|silhouette_unknown|color_family_unknown,p_94fbe0eebea3,p_94fbe0eebea3_02,train,redacted/deepfashion_with_masks_balanced_10_20/p_94fbe0eebea3_02.jpg,top,tank,casual,casual,casual_basic,unknown,single_layer,unknown,unknown,unknown,solid,style_top|tank|casual|unknown|unknown|casual_basic
auto_style_000371,needs_review,0.69,color_mood_unknown|fit_unknown|silhouette_unknown|color_family_unknown,p_156b1465ef26,p_156b1465ef26_01,train,redacted/deepfashion_with_masks_balanced_10_20/p_156b1465ef26_01.jpg,top,tank,casual,casual,casual_basic,unknown,single_layer,unknown,unknown,unknown,solid,style_top|tank|casual|unknown|unknown|casual_basic
auto_style_000373,needs_review,0.66,color_mood_unknown|fit_unknown|silhouette_unknown|color_family_unknown,p_1bcb6ee0e7e6,p_1bcb6ee0e7e6_01,train,redacted/deepfashion_with_masks_balanced_10_20/p_1bcb6ee0e7e6_01.jpg,dress_jumpsuit,romper,casual,casual,classic|romantic,unknown,single_layer,unknown,unknown,unknown,stripe,style_dress_jumpsuit|romper|casual|unknown|unknown|classic+romantic
auto_style_000387,needs_review,0.69,color_mood_unknown|fit_unknown|silhouette_unknown|color_family_unknown,p_c2968b96427e,p_c2968b96427e_01,train,redacted/deepfashion_with_masks_balanced_10_20/p_c2968b96427e_01.jpg,top,tank,casual,casual,casual_basic,unknown,single_layer,unknown,unknown,unknown,solid,style_top|tank|casual|unknown|unknown|casual_basic
auto_style_000389,needs_review,0.69,color_mood_unknown|fit_unknown|silhouette_unknown|color_family_unknown,p_c2968b96427e,p_c2968b96427e_02,train,redacted/deepfashion_with_masks_balanced_10_20/p_c2968b96427e_02.jpg,top,tank,casual,casual,casual_basic,unknown,single_layer,unknown,unknown,unknown,solid,style_top|tank|casual|unknown|unknown|casual_basic
auto_style_000390,needs_review,0.69,color_mood_unknown|fit_unknown|silhouette_unknown|color_family_unknown,p_156b1465ef26,p_156b1465ef26_02,train,redacted/deepfashion_with_masks_balanced_10_20/p_156b1465ef26_02.jpg,top,tank,casual,casual,casual_basic,unknown,single_layer,unknown,unknown,unknown,solid,style_top|tank|casual|unknown|unknown|casual_basic
auto_style_000395,needs_review,0.69,color_mood_unknown|fit_unknown|silhouette_unknown|color_family_unknown,p_9b95a966c59a,p_9b95a966c59a_01,train,redacted/deepfashion_with_masks_balanced_10_20/p_9b95a966c59a_01.jpg,top,tank,casual,casual,casual_basic,unknown,single_layer,unknown,unknown,unknown,solid,style_top|tank|casual|unknown|unknown|casual_basic
auto_style_000402,needs_review,0.69,color_mood_unknown|fit_unknown|silhouette_unknown|color_family_unknown,p_ab07fc27f838,p_ab07fc27f838_02,train,redacted/deepfashion_with_masks_balanced_10_20/p_ab07fc27f838_02.jpg,top,sweater,casual,casual,casual_basic|soft,unknown,single_layer,unknown,unknown,unknown,solid,style_top|sweater|casual|unknown|unknown|casual_basic+soft
auto_style_000429,needs_review,0.69,color_mood_unknown|fit_unknown|silhouette_unknown|color_family_unknown,p_26636483d25f,p_26636483d25f_02,train,redacted/deepfashion_with_masks_balanced_10_20/p_26636483d25f_02.jpg,top,sweater,casual,casual,casual_basic|soft,unknown,single_layer,unknown,unknown,unknown,solid,style_top|sweater|casual|unknown|unknown|casual_basic+soft
auto_style_000447,needs_review,0.69,color_mood_unknown|fit_unknown|silhouette_unknown|color_family_unknown,p_a78fca6fc42a,p_a78fca6fc42a_04,train,redacted/deepfashion_with_masks_balanced_10_20/p_a78fca6fc42a_04.jpg,top,blouse,casual,casual,classic|minimal,unknown,single_layer,unknown,unknown,unknown,solid,style_top|blouse|casual|unknown|unknown|classic+minimal
auto_style_000454,needs_review,0.69,color_mood_unknown|fit_unknown|silhouette_unknown|color_family_unknown,p_86762bf4eb4b,p_86762bf4eb4b_02,train,redacted/deepfashion_with_masks_balanced_10_20/p_86762bf4eb4b_02.jpg,dress_jumpsuit,midi_dress,casual,casual,classic|romantic,unknown,single_layer,unknown,unknown,unknown,solid,style_dress_jumpsuit|midi_dress|casual|unknown|unknown|classic+romantic
auto_style_000458,needs_review,0.69,color_mood_unknown|fit_unknown|silhouette_unknown|color_family_unknown,p_e23651be94bb,p_e23651be94bb_01,train,redacted/deepfashion_with_masks_balanced_10_20/p_e23651be94bb_01.jpg,top,sweater,casual,casual,casual_basic|soft,unknown,single_layer,unknown,unknown,unknown,plaid,style_top|sweater|casual|unknown|unknown|casual_basic+soft
auto_style_000476,needs_review,0.69,color_mood_unknown|fit_unknown|silhouette_unknown|color_family_unknown,p_209304e68c5b,p_209304e68c5b_03,train,redacted/deepfashion_with_masks_balanced_10_20/p_209304e68c5b_03.jpg,top,tank,casual,casual,casual_basic,unknown,single_layer,unknown,unknown,unknown,solid,style_top|tank|casual|unknown|unknown|casual_basic
auto_style_000477,needs_review,0.69,color_mood_unknown|fit_unknown|silhouette_unknown|color_family_unknown,p_5fa287e24c67,p_5fa287e24c67_03,train,redacted/deepfashion_with_masks_balanced_10_20/p_5fa287e24c67_03.jpg,top,sweater,casual,casual,casual_basic|soft,unknown,single_layer,unknown,unknown,unknown,solid,style_top|sweater|casual|unknown|unknown|casual_basic+soft
auto_style_000488,needs_review,0.66,color_mood_unknown|fit_unknown|silhouette_unknown|color_family_unknown,p_5521ac174644,p_5521ac174644_01,train,redacted/deepfashion_with_masks_balanced_10_20/p_5521ac174644_01.jpg,top,cardigan,casual,casual,casual_basic|soft,unknown,light_layering,unknown,unknown,unknown,solid,style_top|cardigan|casual|unknown|unknown|casual_basic+soft
auto_style_000493,needs_review,0.69,color_mood_unknown|fit_unknown|silhouette_unknown|color_family_unknown,p_b1909b077f20,p_b1909b077f20_03,train,redacted/deepfashion_with_masks_balanced_10_20/p_b1909b077f20_03.jpg,top,sweater,casual,casual,casual_basic|soft,unknown,single_layer,unknown,unknown,unknown,solid,style_top|sweater|casual|unknown|unknown|casual_basic+soft
auto_style_000497,needs_review,0.69,color_mood_unknown|fit_unknown|silhouette_unknown|color_family_unknown,p_c4cc87e06998,p_c4cc87e06998_01,train,redacted/deepfashion_with_masks_balanced_10_20/p_c4cc87e06998_01.jpg,top,sweater,casual,casual,casual_basic|soft,unknown,single_layer,unknown,unknown,unknown,solid,style_top|sweater|casual|unknown|unknown|casual_basic+soft
auto_style_000505,needs_review,0.69,color_mood_unknown|fit_unknown|silhouette_unknown|color_family_unknown,p_b14e071f7c80,p_b14e071f7c80_01,train,redacted/deepfashion_with_masks_balanced_10_20/p_b14e071f7c80_01.jpg,top,sweater,casual,casual,casual_basic|soft,unknown,single_layer,unknown,unknown,unknown,solid,style_top|sweater|casual|unknown|unknown|casual_basic+soft
auto_style_000507,needs_review,0.69,color_mood_unknown|fit_unknown|silhouette_unknown|color_family_unknown,p_156b1465ef26,p_156b1465ef26_03,train,redacted/deepfashion_with_masks_balanced_10_20/p_156b1465ef26_03.jpg,top,tank,casual,casual,casual_basic,unknown,single_layer,unknown,unknown,unknown,solid,style_top|tank|casual|unknown|unknown|casual_basic
auto_style_000524,needs_review,0.69,color_mood_unknown|fit_unknown|silhouette_unknown|color_family_unknown,p_a3aa08ac7a92,p_a3aa08ac7a92_01,train,redacted/deepfashion_with_masks_balanced_10_20/p_a3aa08ac7a92_01.jpg,top,blouse,casual,casual,classic|minimal,unknown,single_layer,unknown,unknown,unknown,solid,style_top|blouse|casual|unknown|unknown|classic+minimal
auto_style_000555,needs_review,0.69,color_mood_unknown|fit_unknown|silhouette_unknown|color_family_unknown,p_ffdfe74c2f4b,p_ffdfe74c2f4b_01,train,redacted/deepfashion_with_masks_balanced_10_20/p_ffdfe74c2f4b_01.jpg,top,tank,casual,casual,casual_basic,unknown,single_layer,unknown,unknown,unknown,solid,style_top|tank|casual|unknown|unknown|casual_basic
auto_style_000560,needs_review,0.69,color_mood_unknown|fit_unknown|silhouette_unknown|color_family_unknown,p_973332bc1b8b,p_973332bc1b8b_02,train,redacted/deepfashion_with_masks_balanced_10_20/p_973332bc1b8b_02.jpg,top,tank,casual,casual,casual_basic,unknown,single_layer,unknown,unknown,unknown,solid,style_top|tank|casual|unknown|unknown|casual_basic
auto_style_000562,needs_review,0.69,color_mood_unknown|fit_unknown|silhouette_unknown|color_family_unknown,p_330d9056eed4,p_330d9056eed4_01,train,redacted/deepfashion_with_masks_balanced_10_20/p_330d9056eed4_01.jpg,top,sweater,casual,casual,casual_basic|soft,unknown,single_layer,unknown,unknown,unknown,solid,style_top|sweater|casual|unknown|unknown|casual_basic+soft
auto_style_000564,needs_review,0.69,color_mood_unknown|fit_unknown|silhouette_unknown|color_family_unknown,p_19a811f9b79f,p_19a811f9b79f_02,train,redacted/deepfashion_with_masks_balanced_10_20/p_19a811f9b79f_02.jpg,top,blouse,casual,casual,classic|minimal,unknown,single_layer,unknown,unknown,unknown,solid,style_top|blouse|casual|unknown|unknown|classic+minimal
auto_style_000569,needs_review,0.69,color_mood_unknown|fit_unknown|silhouette_unknown|color_family_unknown,p_0b69db84f415,p_0b69db84f415_02,train,redacted/deepfashion_with_masks_balanced_10_20/p_0b69db84f415_02.jpg,top,tank,casual,casual,casual_basic,unknown,single_layer,unknown,unknown,unknown,solid,style_top|tank|casual|unknown|unknown|casual_basic
auto_style_000575,needs_review,0.69,color_mood_unknown|fit_unknown|silhouette_unknown|color_family_unknown,p_e6bc34bd34d4,p_e6bc34bd34d4_03,train,redacted/deepfashion_with_masks_balanced_10_20/p_e6bc34bd34d4_03.jpg,top,sweater,casual,casual,casual_basic|soft,unknown,single_layer,unknown,unknown,unknown,solid,style_top|sweater|casual|unknown|unknown|casual_basic+soft
auto_style_000580,needs_review,0.69,color_mood_unknown|fit_unknown|silhouette_unknown|color_family_unknown,p_c4cc87e06998,p_c4cc87e06998_02,train,redacted/deepfashion_with_masks_balanced_10_20/p_c4cc87e06998_02.jpg,top,sweater,casual,casual,casual_basic|soft,unknown,single_layer,unknown,unknown,unknown,solid,style_top|sweater|casual|unknown|unknown|casual_basic+soft
auto_style_000582,needs_review,0.69,color_mood_unknown|fit_unknown|silhouette_unknown|color_family_unknown,p_6eca6198a9b8,p_6eca6198a9b8_04,train,redacted/deepfashion_with_masks_balanced_10_20/p_6eca6198a9b8_04.jpg,top,sweater,casual,casual,casual_basic|soft,unknown,single_layer,unknown,unknown,unknown,solid,style_top|sweater|casual|unknown|unknown|casual_basic+soft
auto_style_000583,needs_review,0.69,color_mood_unknown|fit_unknown|silhouette_unknown|color_family_unknown,p_ce84314e28f5,p_ce84314e28f5_02,train,redacted/deepfashion_with_masks_balanced_10_20/p_ce84314e28f5_02.jpg,top,tank,casual,casual,casual_basic,unknown,single_layer,unknown,unknown,unknown,solid,style_top|tank|casual|unknown|unknown|casual_basic
auto_style_000592,needs_review,0.69,color_mood_unknown|fit_unknown|silhouette_unknown|color_family_unknown,p_44b6db537fe0,p_44b6db537fe0_02,train,redacted/deepfashion_with_masks_balanced_10_20/p_44b6db537fe0_02.jpg,dress_jumpsuit,midi_dress,casual,casual,classic|romantic,unknown,single_layer,unknown,unknown,unknown,solid,style_dress_jumpsuit|midi_dress|casual|unknown|unknown|classic+romantic
auto_style_000595,needs_review,0.69,color_mood_unknown|fit_unknown|silhouette_unknown|color_family_unknown,p_374c2d079092,p_374c2d079092_02,train,redacted/deepfashion_with_masks_balanced_10_20/p_374c2d079092_02.jpg,top,tank,casual,casual,casual_basic,unknown,single_layer,unknown,unknown,unknown,solid,style_top|tank|casual|unknown|unknown|casual_basic
auto_style_000609,needs_review,0.69,color_mood_unknown|fit_unknown|silhouette_unknown|color_family_unknown,p_7dd5f13e9cd9,p_7dd5f13e9cd9_02,train,redacted/deepfashion_with_masks_balanced_10_20/p_7dd5f13e9cd9_02.jpg,top,tank,casual,casual,casual_basic,unknown,single_layer,unknown,unknown,unknown,stripe,style_top|tank|casual|unknown|unknown|casual_basic
auto_style_000619,needs_review,0.69,color_mood_unknown|fit_unknown|silhouette_unknown|color_family_unknown,p_2e1f3f512fef,p_2e1f3f512fef_01,train,redacted/deepfashion_with_masks_balanced_10_20/p_2e1f3f512fef_01.jpg,top,tank,casual,casual,casual_basic,unknown,single_layer,unknown,unknown,unknown,stripe,style_top|tank|casual|unknown|unknown|casual_basic
auto_style_000644,needs_review,0.69,color_mood_unknown|fit_unknown|silhouette_unknown|color_family_unknown,p_f460e9ddc319,p_f460e9ddc319_01,train,redacted/deepfashion_with_masks_balanced_10_20/p_f460e9ddc319_01.jpg,top,tank,casual,casual,casual_basic,unknown,single_layer,unknown,unknown,unknown,solid,style_top|tank|casual|unknown|unknown|casual_basic
auto_style_000645,needs_review,0.69,color_mood_unknown|fit_unknown|silhouette_unknown|color_family_unknown,p_2a4f88be6138,p_2a4f88be6138_01,train,redacted/deepfashion_with_masks_balanced_10_20/p_2a4f88be6138_01.jpg,dress_jumpsuit,midi_dress,casual,casual,classic|romantic,unknown,single_layer,unknown,unknown,unknown,stripe,style_dress_jumpsuit|midi_dress|casual|unknown|unknown|classic+romantic
auto_style_000659,needs_review,0.69,color_mood_unknown|fit_unknown|silhouette_unknown|color_family_unknown,p_f543eadbbd71,p_f543eadbbd71_05,train,redacted/deepfashion_with_masks_balanced_10_20/p_f543eadbbd71_05.jpg,top,tank,casual,casual,casual_basic,unknown,single_layer,unknown,unknown,unknown,solid,style_top|tank|casual|unknown|unknown|casual_basic
auto_style_000662,needs_review,0.66,color_mood_unknown|fit_unknown|silhouette_unknown|color_family_unknown,p_e1b3a7c08506,p_e1b3a7c08506_01,train,redacted/deepfashion_with_masks_balanced_10_20/p_e1b3a7c08506_01.jpg,dress_jumpsuit,romper,casual,casual,classic|romantic,unknown,single_layer,unknown,unknown,unknown,solid,style_dress_jumpsuit|romper|casual|unknown|unknown|classic+romantic
auto_style_000665,needs_review,0.66,color_mood_unknown|fit_unknown|silhouette_unknown|color_family_unknown,p_e586ac3a5344,p_e586ac3a5344_02,train,redacted/deepfashion_with_masks_balanced_10_20/p_e586ac3a5344_02.jpg,dress_jumpsuit,romper,casual,casual,classic|romantic,unknown,single_layer,unknown,unknown,unknown,solid,style_dress_jumpsuit|romper|casual|unknown|unknown|classic+romantic
auto_style_000675,needs_review,0.66,color_mood_unknown|fit_unknown|silhouette_unknown|color_family_unknown,p_6f669d4006e8,p_6f669d4006e8_01,train,redacted/deepfashion_with_masks_balanced_10_20/p_6f669d4006e8_01.jpg,dress_jumpsuit,romper,casual,casual,classic|romantic,unknown,single_layer,unknown,unknown,unknown,solid,style_dress_jumpsuit|romper|casual|unknown|unknown|classic+romantic
auto_style_000685,needs_review,0.69,color_mood_unknown|fit_unknown|silhouette_unknown|color_family_unknown,p_f3a4bed3001a,p_f3a4bed3001a_02,train,redacted/deepfashion_with_masks_balanced_10_20/p_f3a4bed3001a_02.jpg,top,tank,casual,casual,casual_basic,unknown,single_layer,unknown,unknown,unknown,stripe,style_top|tank|casual|unknown|unknown|casual_basic
auto_style_000695,needs_review,0.66,color_mood_unknown|fit_unknown|silhouette_unknown|color_family_unknown,p_5521ac174644,p_5521ac174644_02,train,redacted/deepfashion_with_masks_balanced_10_20/p_5521ac174644_02.jpg,top,cardigan,casual,casual,casual_basic|soft,unknown,light_layering,unknown,unknown,unknown,solid,style_top|cardigan|casual|unknown|unknown|casual_basic+soft
auto_style_000713,needs_review,0.69,color_mood_unknown|fit_unknown|silhouette_unknown|color_family_unknown,p_d02f79a737c4,p_d02f79a737c4_02,train,redacted/deepfashion_with_masks_balanced_10_20/p_d02f79a737c4_02.jpg,top,tank,casual,casual,casual_basic,unknown,single_layer,unknown,unknown,unknown,solid,style_top|tank|casual|unknown|unknown|casual_basic
auto_style_000722,needs_review,0.69,color_mood_unknown|fit_unknown|silhouette_unknown|color_family_unknown,p_3c3721b3c0e7,p_3c3721b3c0e7_05,train,redacted/deepfashion_with_masks_balanced_10_20/p_3c3721b3c0e7_05.jpg,top,tank,casual,casual,casual_basic,unknown,single_layer,unknown,unknown,unknown,solid,style_top|tank|casual|unknown|unknown|casual_basic
auto_style_000734,needs_review,0.69,color_mood_unknown|fit_unknown|silhouette_unknown|color_family_unknown,p_207a19789a31,p_207a19789a31_03,train,redacted/deepfashion_with_masks_balanced_10_20/p_207a19789a31_03.jpg,top,tank,casual,casual,casual_basic,unknown,single_layer,unknown,unknown,unknown,solid,style_top|tank|casual|unknown|unknown|casual_basic
auto_style_000757,needs_review,0.66,color_mood_unknown|fit_unknown|silhouette_unknown|color_family_unknown,p_ffe96e3b1a3f,p_ffe96e3b1a3f_01,train,redacted/deepfashion_with_masks_balanced_10_20/p_ffe96e3b1a3f_01.jpg,top,cardigan,casual,casual,casual_basic|soft,unknown,light_layering,unknown,unknown,unknown,solid,style_top|cardigan|casual|unknown|unknown|casual_basic+soft
auto_style_000766,needs_review,0.66,color_mood_unknown|fit_unknown|silhouette_unknown|color_family_unknown,p_a34c90afd2ae,p_a34c90afd2ae_01,train,redacted/deepfashion_with_masks_balanced_10_20/p_a34c90afd2ae_01.jpg,top,cardigan,casual,casual,casual_basic|soft,unknown,light_layering,unknown,unknown,unknown,stripe,style_top|cardigan|casual|unknown|unknown|casual_basic+soft
auto_style_000768,needs_review,0.69,color_mood_unknown|fit_unknown|silhouette_unknown|color_family_unknown,p_a3aa08ac7a92,p_a3aa08ac7a92_02,train,redacted/deepfashion_with_masks_balanced_10_20/p_a3aa08ac7a92_02.jpg,top,blouse,casual,casual,classic|minimal,unknown,single_layer,unknown,unknown,unknown,solid,style_top|blouse|casual|unknown|unknown|classic+minimal
auto_style_000769,needs_review,0.69,color_mood_unknown|fit_unknown|silhouette_unknown|color_family_unknown,p_f8ca41b0979d,p_f8ca41b0979d_02,train,redacted/deepfashion_with_masks_balanced_10_20/p_f8ca41b0979d_02.jpg,top,tank,casual,casual,casual_basic,unknown,single_layer,unknown,unknown,unknown,solid,style_top|tank|casual|unknown|unknown|casual_basic
auto_style_000782,needs_review,0.69,color_mood_unknown|fit_unknown|silhouette_unknown|color_family_unknown,p_2e1f3f512fef,p_2e1f3f512fef_02,train,redacted/deepfashion_with_masks_balanced_10_20/p_2e1f3f512fef_02.jpg,top,tank,casual,casual,casual_basic,unknown,single_layer,unknown,unknown,unknown,stripe,style_top|tank|casual|unknown|unknown|casual_basic
auto_style_000789,needs_review,0.69,color_mood_unknown|fit_unknown|silhouette_unknown|color_family_unknown,p_f45a91d07673,p_f45a91d07673_04,train,redacted/deepfashion_with_masks_balanced_10_20/p_f45a91d07673_04.jpg,top,sweater,casual,casual,casual_basic|soft,unknown,single_layer,unknown,unknown,unknown,solid,style_top|sweater|casual|unknown|unknown|casual_basic+soft
auto_style_000795,needs_review,0.66,color_mood_unknown|fit_unknown|silhouette_unknown|color_family_unknown,p_97320b58d532,p_97320b58d532_02,train,redacted/deepfashion_with_masks_balanced_10_20/p_97320b58d532_02.jpg,top,cardigan,casual,casual,casual_basic|soft,unknown,light_layering,unknown,unknown,unknown,solid,style_top|cardigan|casual|unknown|unknown|casual_basic+soft
auto_style_000813,needs_review,0.69,color_mood_unknown|fit_unknown|silhouette_unknown|color_family_unknown,p_9dbbcd8f0fd5,p_9dbbcd8f0fd5_07,train,redacted/deepfashion_with_masks_balanced_10_20/p_9dbbcd8f0fd5_07.jpg,top,tank,casual,casual,casual_basic,unknown,single_layer,unknown,unknown,unknown,solid,style_top|tank|casual|unknown|unknown|casual_basic
auto_style_000819,needs_review,0.66,color_mood_unknown|fit_unknown|silhouette_unknown|color_family_unknown,p_dc3414a88dd9,p_dc3414a88dd9_10,train,redacted/deepfashion_with_masks_balanced_10_20/p_dc3414a88dd9_10.jpg,top,cardigan,casual,casual,casual_basic|soft,unknown,light_layering,unknown,unknown,unknown,solid,style_top|cardigan|casual|unknown|unknown|casual_basic+soft
auto_style_000828,needs_review,0.69,color_mood_unknown|fit_unknown|silhouette_unknown|color_family_unknown,p_97ebce0e2d26,p_97ebce0e2d26_01,train,redacted/deepfashion_with_masks_balanced_10_20/p_97ebce0e2d26_01.jpg,top,tank,casual,casual,casual_basic,unknown,single_layer,unknown,unknown,unknown,solid,style_top|tank|casual|unknown|unknown|casual_basic
auto_style_000836,needs_review,0.69,color_mood_unknown|fit_unknown|silhouette_unknown|color_family_unknown,p_a78fca6fc42a,p_a78fca6fc42a_05,train,redacted/deepfashion_with_masks_balanced_10_20/p_a78fca6fc42a_05.jpg,top,blouse,casual,casual,classic|minimal,unknown,single_layer,unknown,unknown,unknown,solid,style_top|blouse|casual|unknown|unknown|classic+minimal
auto_style_000839,needs_review,0.69,color_mood_unknown|fit_unknown|silhouette_unknown|color_family_unknown,p_5e2e762e7ba4,p_5e2e762e7ba4_02,train,redacted/deepfashion_with_masks_balanced_10_20/p_5e2e762e7ba4_02.jpg,top,tank,casual,casual,casual_basic,unknown,single_layer,unknown,unknown,unknown,stripe,style_top|tank|casual|unknown|unknown|casual_basic
auto_style_000873,needs_review,0.69,color_mood_unknown|fit_unknown|silhouette_unknown|color_family_unknown,p_49704b9968e0,p_49704b9968e0_01,train,redacted/deepfashion_with_masks_balanced_10_20/p_49704b9968e0_01.jpg,top,tank,casual,casual,casual_basic,unknown,single_layer,unknown,unknown,unknown,stripe,style_top|tank|casual|unknown|unknown|casual_basic
auto_style_000881,needs_review,0.66,color_mood_unknown|fit_unknown|silhouette_unknown|color_family_unknown,p_cfc26c365a58,p_cfc26c365a58_03,train,redacted/deepfashion_with_masks_balanced_10_20/p_cfc26c365a58_03.jpg,top,hoodie,casual,casual,casual_basic|streetwear,unknown,single_layer,unknown,unknown,unknown,solid,style_top|hoodie|casual|unknown|unknown|casual_basic+streetwear
auto_style_000883,needs_review,0.69,color_mood_unknown|fit_unknown|silhouette_unknown|color_family_unknown,p_9dbbcd8f0fd5,p_9dbbcd8f0fd5_08,train,redacted/deepfashion_with_masks_balanced_10_20/p_9dbbcd8f0fd5_08.jpg,top,tank,casual,casual,casual_basic,unknown,single_layer,unknown,unknown,unknown,solid,style_top|tank|casual|unknown|unknown|casual_basic
auto_style_000904,needs_review,0.69,color_mood_unknown|fit_unknown|silhouette_unknown|color_family_unknown,p_97f1078ae3b7,p_97f1078ae3b7_06,train,redacted/deepfashion_with_masks_balanced_10_20/p_97f1078ae3b7_06.jpg,dress_jumpsuit,midi_dress,casual,casual,classic|romantic,unknown,single_layer,unknown,unknown,unknown,solid,style_dress_jumpsuit|midi_dress|casual|unknown|unknown|classic+romantic
auto_style_000915,needs_review,0.69,color_mood_unknown|fit_unknown|silhouette_unknown|color_family_unknown,p_42fb33dca4f2,p_42fb33dca4f2_01,train,redacted/deepfashion_with_masks_balanced_10_20/p_42fb33dca4f2_01.jpg,top,tank,casual,casual,casual_basic,unknown,single_layer,unknown,unknown,unknown,stripe,style_top|tank|casual|unknown|unknown|casual_basic
auto_style_000917,needs_review,0.69,color_mood_unknown|fit_unknown|silhouette_unknown|color_family_unknown,p_3c3721b3c0e7,p_3c3721b3c0e7_08,train,redacted/deepfashion_with_masks_balanced_10_20/p_3c3721b3c0e7_08.jpg,top,tank,casual,casual,casual_basic,unknown,single_layer,unknown,unknown,unknown,solid,style_top|tank|casual|unknown|unknown|casual_basic
auto_style_000952,needs_review,0.69,color_mood_unknown|fit_unknown|silhouette_unknown|color_family_unknown,p_f162eac1f34f,p_f162eac1f34f_02,train,redacted/deepfashion_with_masks_balanced_10_20/p_f162eac1f34f_02.jpg,top,tank,casual,casual,casual_basic,unknown,single_layer,unknown,unknown,unknown,solid,style_top|tank|casual|unknown|unknown|casual_basic
auto_style_000961,needs_review,0.69,color_mood_unknown|fit_unknown|silhouette_unknown|color_family_unknown,p_1f0e8f84cc99,p_1f0e8f84cc99_11,train,redacted/deepfashion_with_masks_balanced_10_20/p_1f0e8f84cc99_11.jpg,top,tank,casual,casual,casual_basic,unknown,single_layer,unknown,unknown,unknown,solid,style_top|tank|casual|unknown|unknown|casual_basic
auto_style_000978,needs_review,0.69,color_mood_unknown|fit_unknown|silhouette_unknown|color_family_unknown,p_f6f3364732d5,p_f6f3364732d5_01,train,redacted/deepfashion_with_masks_balanced_10_20/p_f6f3364732d5_01.jpg,top,sweater,casual,casual,casual_basic|soft,unknown,single_layer,unknown,unknown,unknown,solid,style_top|sweater|casual|unknown|unknown|casual_basic+soft
auto_style_000980,needs_review,0.69,color_mood_unknown|fit_unknown|silhouette_unknown|color_family_unknown,p_70a46de0c3c4,p_70a46de0c3c4_01,train,redacted/deepfashion_with_masks_balanced_10_20/p_70a46de0c3c4_01.jpg,top,sweater,casual,casual,casual_basic|soft,unknown,single_layer,unknown,unknown,unknown,solid,style_top|sweater|casual|unknown|unknown|casual_basic+soft
auto_style_000990,needs_review,0.69,color_mood_unknown|fit_unknown|silhouette_unknown|color_family_unknown,p_2a4f88be6138,p_2a4f88be6138_02,train,redacted/deepfashion_with_masks_balanced_10_20/p_2a4f88be6138_02.jpg,dress_jumpsuit,midi_dress,casual,casual,classic|romantic,unknown,single_layer,unknown,unknown,unknown,stripe,style_dress_jumpsuit|midi_dress|casual|unknown|unknown|classic+romantic
auto_style_000994,needs_review,0.69,color_mood_unknown|fit_unknown|silhouette_unknown|color_family_unknown,p_9243d590d3da,p_9243d590d3da_01,train,redacted/deepfashion_with_masks_balanced_10_20/p_9243d590d3da_01.jpg,top,tank,casual,casual,casual_basic,unknown,single_layer,unknown,unknown,unknown,solid,style_top|tank|casual|unknown|unknown|casual_basic
auto_style_000995,needs_review,0.69,color_mood_unknown|fit_unknown|silhouette_unknown|color_family_unknown,p_e6bc34bd34d4,p_e6bc34bd34d4_07,train,redacted/deepfashion_with_masks_balanced_10_20/p_e6bc34bd34d4_07.jpg,top,sweater,casual,casual,casual_basic|soft,unknown,single_layer,unknown,unknown,unknown,solid,style_top|sweater|casual|unknown|unknown|casual_basic+soft
auto_style_000998,needs_review,0.69,color_mood_unknown|fit_unknown|silhouette_unknown|color_family_unknown,p_6eca6198a9b8,p_6eca6198a9b8_06,train,redacted/deepfashion_with_masks_balanced_10_20/p_6eca6198a9b8_06.jpg,top,sweater,casual,casual,casual_basic|soft,unknown,single_layer,unknown,unknown,unknown,solid,style_top|sweater|casual|unknown|unknown|casual_basic+soft
auto_style_001003,needs_review,0.69,color_mood_unknown|fit_unknown|silhouette_unknown|color_family_unknown,p_0cad34b714bd,p_0cad34b714bd_02,train,redacted/deepfashion_with_masks_balanced_10_20/p_0cad34b714bd_02.jpg,top,sweater,casual,casual,casual_basic|soft,unknown,single_layer,unknown,unknown,unknown,solid,style_top|sweater|casual|unknown|unknown|casual_basic+soft
auto_style_001005,needs_review,0.69,color_mood_unknown|fit_unknown|silhouette_unknown|color_family_unknown,p_ffdfe74c2f4b,p_ffdfe74c2f4b_02,train,redacted/deepfashion_with_masks_balanced_10_20/p_ffdfe74c2f4b_02.jpg,top,tank,casual,casual,casual_basic,unknown,single_layer,unknown,unknown,unknown,solid,style_top|tank|casual|unknown|unknown|casual_basic
auto_style_001039,needs_review,0.69,color_mood_unknown|fit_unknown|silhouette_unknown|color_family_unknown,p_1e6e21a1fc88,p_1e6e21a1fc88_01,train,redacted/deepfashion_with_masks_balanced_10_20/p_1e6e21a1fc88_01.jpg,dress_jumpsuit,midi_dress,casual,casual,classic|romantic,unknown,single_layer,unknown,unknown,unknown,solid,style_dress_jumpsuit|midi_dress|casual|unknown|unknown|classic+romantic
auto_style_001041,needs_review,0.69,color_mood_unknown|fit_unknown|silhouette_unknown|color_family_unknown,p_c2968b96427e,p_c2968b96427e_03,train,redacted/deepfashion_with_masks_balanced_10_20/p_c2968b96427e_03.jpg,top,tank,casual,casual,casual_basic,unknown,single_layer,unknown,unknown,unknown,solid,style_top|tank|casual|unknown|unknown|casual_basic
auto_style_001043,needs_review,0.69,color_mood_unknown|fit_unknown|silhouette_unknown|color_family_unknown,p_330d9056eed4,p_330d9056eed4_03,train,redacted/deepfashion_with_masks_balanced_10_20/p_330d9056eed4_03.jpg,top,sweater,casual,casual,casual_basic|soft,unknown,single_layer,unknown,unknown,unknown,solid,style_top|sweater|casual|unknown|unknown|casual_basic+soft
auto_style_001057,needs_review,0.69,color_mood_unknown|fit_unknown|silhouette_unknown|color_family_unknown,p_71613caf6356,p_71613caf6356_02,train,redacted/deepfashion_with_masks_balanced_10_20/p_71613caf6356_02.jpg,top,tank,casual,casual,casual_basic,unknown,single_layer,unknown,unknown,unknown,solid,style_top|tank|casual|unknown|unknown|casual_basic
auto_style_001084,needs_review,0.69,color_mood_unknown|fit_unknown|silhouette_unknown|color_family_unknown,p_2e1f3f512fef,p_2e1f3f512fef_03,train,redacted/deepfashion_with_masks_balanced_10_20/p_2e1f3f512fef_03.jpg,top,tank,casual,casual,casual_basic,unknown,single_layer,unknown,unknown,unknown,stripe,style_top|tank|casual|unknown|unknown|casual_basic
auto_style_001090,needs_review,0.69,color_mood_unknown|fit_unknown|silhouette_unknown|color_family_unknown,p_9f903a8e8f83,p_9f903a8e8f83_02,train,redacted/deepfashion_with_masks_balanced_10_20/p_9f903a8e8f83_02.jpg,dress_jumpsuit,midi_dress,casual,casual,classic|romantic,unknown,single_layer,unknown,unknown,unknown,stripe,style_dress_jumpsuit|midi_dress|casual|unknown|unknown|classic+romantic
auto_style_001105,needs_review,0.69,color_mood_unknown|fit_unknown|silhouette_unknown|color_family_unknown,p_704cabed88d6,p_704cabed88d6_03,train,redacted/deepfashion_with_masks_balanced_10_20/p_704cabed88d6_03.jpg,top,sweater,casual,casual,casual_basic|soft,unknown,single_layer,unknown,unknown,unknown,solid,style_top|sweater|casual|unknown|unknown|casual_basic+soft
auto_style_001107,needs_review,0.69,color_mood_unknown|fit_unknown|silhouette_unknown|color_family_unknown,p_d4d47b2521bd,p_d4d47b2521bd_05,train,redacted/deepfashion_with_masks_balanced_10_20/p_d4d47b2521bd_05.jpg,top,tank,casual,casual,casual_basic,unknown,single_layer,unknown,unknown,unknown,solid,style_top|tank|casual|unknown|unknown|casual_basic
auto_style_001109,needs_review,0.69,color_mood_unknown|fit_unknown|silhouette_unknown|color_family_unknown,p_2a4f88be6138,p_2a4f88be6138_04,train,redacted/deepfashion_with_masks_balanced_10_20/p_2a4f88be6138_04.jpg,dress_jumpsuit,midi_dress,casual,casual,classic|romantic,unknown,single_layer,unknown,unknown,unknown,stripe,style_dress_jumpsuit|midi_dress|casual|unknown|unknown|classic+romantic
auto_style_001110,needs_review,0.69,color_mood_unknown|fit_unknown|silhouette_unknown|color_family_unknown,p_1945bdac02c0,p_1945bdac02c0_02,train,redacted/deepfashion_with_masks_balanced_10_20/p_1945bdac02c0_02.jpg,top,tank,casual,casual,casual_basic,unknown,single_layer,unknown,unknown,unknown,solid,style_top|tank|casual|unknown|unknown|casual_basic
auto_style_001116,needs_review,0.69,color_mood_unknown|fit_unknown|silhouette_unknown|color_family_unknown,p_ecd1d4c5d5f0,p_ecd1d4c5d5f0_02,train,redacted/deepfashion_with_masks_balanced_10_20/p_ecd1d4c5d5f0_02.jpg,top,sweater,casual,casual,casual_basic|soft,unknown,single_layer,unknown,unknown,unknown,solid,style_top|sweater|casual|unknown|unknown|casual_basic+soft
auto_style_001118,needs_review,0.69,color_mood_unknown|fit_unknown|silhouette_unknown|color_family_unknown,p_d01dcbeb0075,p_d01dcbeb0075_01,train,redacted/deepfashion_with_masks_balanced_10_20/p_d01dcbeb0075_01.jpg,top,tank,casual,casual,casual_basic,unknown,single_layer,unknown,unknown,unknown,solid,style_top|tank|casual|unknown|unknown|casual_basic
auto_style_001119,needs_review,0.69,color_mood_unknown|fit_unknown|silhouette_unknown|color_family_unknown,p_0f4d1f6ab72b,p_0f4d1f6ab72b_04,train,redacted/deepfashion_with_masks_balanced_10_20/p_0f4d1f6ab72b_04.jpg,dress_jumpsuit,midi_dress,casual,casual,classic|romantic,unknown,single_layer,unknown,unknown,unknown,solid,style_dress_jumpsuit|midi_dress|casual|unknown|unknown|classic+romantic
auto_style_001124,needs_review,0.69,color_mood_unknown|fit_unknown|silhouette_unknown|color_family_unknown,p_97f1078ae3b7,p_97f1078ae3b7_07,train,redacted/deepfashion_with_masks_balanced_10_20/p_97f1078ae3b7_07.jpg,dress_jumpsuit,midi_dress,casual,casual,classic|romantic,unknown,single_layer,unknown,unknown,unknown,solid,style_dress_jumpsuit|midi_dress|casual|unknown|unknown|classic+romantic
auto_style_001139,needs_review,0.69,color_mood_unknown|fit_unknown|silhouette_unknown|color_family_unknown,p_5437c4377c7b,p_5437c4377c7b_02,train,redacted/deepfashion_with_masks_balanced_10_20/p_5437c4377c7b_02.jpg,top,tank,casual,casual,casual_basic,unknown,single_layer,unknown,unknown,unknown,stripe,style_top|tank|casual|unknown|unknown|casual_basic
auto_style_001146,needs_review,0.69,color_mood_unknown|fit_unknown|silhouette_unknown|color_family_unknown,p_3c3721b3c0e7,p_3c3721b3c0e7_10,train,redacted/deepfashion_with_masks_balanced_10_20/p_3c3721b3c0e7_10.jpg,top,tank,casual,casual,casual_basic,unknown,single_layer,unknown,unknown,unknown,solid,style_top|tank|casual|unknown|unknown|casual_basic
auto_style_001148,needs_review,0.69,color_mood_unknown|fit_unknown|silhouette_unknown|color_family_unknown,p_9dbbcd8f0fd5,p_9dbbcd8f0fd5_11,train,redacted/deepfashion_with_masks_balanced_10_20/p_9dbbcd8f0fd5_11.jpg,top,tank,casual,casual,casual_basic,unknown,single_layer,unknown,unknown,unknown,solid,style_top|tank|casual|unknown|unknown|casual_basic
auto_style_001152,needs_review,0.69,color_mood_unknown|fit_unknown|silhouette_unknown|color_family_unknown,p_ffdfe74c2f4b,p_ffdfe74c2f4b_03,train,redacted/deepfashion_with_masks_balanced_10_20/p_ffdfe74c2f4b_03.jpg,top,tank,casual,casual,casual_basic,unknown,single_layer,unknown,unknown,unknown,solid,style_top|tank|casual|unknown|unknown|casual_basic
auto_style_001158,needs_review,0.69,color_mood_unknown|fit_unknown|silhouette_unknown|color_family_unknown,p_80ee2e4e4b4c,p_80ee2e4e4b4c_06,train,redacted/deepfashion_with_masks_balanced_10_20/p_80ee2e4e4b4c_06.jpg,dress_jumpsuit,midi_dress,casual,casual,classic|romantic,unknown,single_layer,unknown,unknown,unknown,solid,style_dress_jumpsuit|midi_dress|casual|unknown|unknown|classic+romantic
auto_style_001165,needs_review,0.69,color_mood_unknown|fit_unknown|silhouette_unknown|color_family_unknown,p_efe4c30f7ae2,p_efe4c30f7ae2_02,train,redacted/deepfashion_with_masks_balanced_10_20/p_efe4c30f7ae2_02.jpg,dress_jumpsuit,midi_dress,casual,casual,classic|romantic,unknown,single_layer,unknown,unknown,unknown,solid,style_dress_jumpsuit|midi_dress|casual|unknown|unknown|classic+romantic
auto_style_001181,needs_review,0.69,color_mood_unknown|fit_unknown|silhouette_unknown|color_family_unknown,p_dc1124d71733,p_dc1124d71733_03,train,redacted/deepfashion_with_masks_balanced_10_20/p_dc1124d71733_03.jpg,top,tank,casual,casual,casual_basic,unknown,single_layer,unknown,unknown,unknown,stripe,style_top|tank|casual|unknown|unknown|casual_basic
auto_style_001182,needs_review,0.69,color_mood_unknown|fit_unknown|silhouette_unknown|color_family_unknown,p_cc73165c1cc7,p_cc73165c1cc7_03,train,redacted/deepfashion_with_masks_balanced_10_20/p_cc73165c1cc7_03.jpg,top,tank,casual,casual,casual_basic,unknown,single_layer,unknown,unknown,unknown,solid,style_top|tank|casual|unknown|unknown|casual_basic
auto_style_001195,needs_review,0.69,color_mood_unknown|fit_unknown|silhouette_unknown|color_family_unknown,p_45476f7325fd,p_45476f7325fd_01,train,redacted/deepfashion_with_masks_balanced_10_20/p_45476f7325fd_01.jpg,top,tank,casual,casual,casual_basic,unknown,single_layer,unknown,unknown,unknown,solid,style_top|tank|casual|unknown|unknown|casual_basic
auto_style_001200,needs_review,0.69,color_mood_unknown|fit_unknown|silhouette_unknown|color_family_unknown,p_5f2e5a985311,p_5f2e5a985311_02,train,redacted/deepfashion_with_masks_balanced_10_20/p_5f2e5a985311_02.jpg,top,tank,casual,casual,casual_basic,unknown,single_layer,unknown,unknown,unknown,solid,style_top|tank|casual|unknown|unknown|casual_basic
auto_style_001202,needs_review,0.69,color_mood_unknown|fit_unknown|silhouette_unknown|color_family_unknown,p_26636483d25f,p_26636483d25f_06,train,redacted/deepfashion_with_masks_balanced_10_20/p_26636483d25f_06.jpg,top,sweater,casual,casual,casual_basic|soft,unknown,single_layer,unknown,unknown,unknown,solid,style_top|sweater|casual|unknown|unknown|casual_basic+soft
auto_style_001205,needs_review,0.66,color_mood_unknown|fit_unknown|silhouette_unknown|color_family_unknown,p_5521ac174644,p_5521ac174644_03,train,redacted/deepfashion_with_masks_balanced_10_20/p_5521ac174644_03.jpg,top,cardigan,casual,casual,casual_basic|soft,unknown,light_layering,unknown,unknown,unknown,solid,style_top|cardigan|casual|unknown|unknown|casual_basic+soft
auto_style_001219,needs_review,0.69,color_mood_unknown|fit_unknown|silhouette_unknown|color_family_unknown,p_ea3b6e24cf6f,p_ea3b6e24cf6f_01,train,redacted/deepfashion_with_masks_balanced_10_20/p_ea3b6e24cf6f_01.jpg,top,sweater,casual,casual,casual_basic|soft,unknown,single_layer,unknown,unknown,unknown,solid,style_top|sweater|casual|unknown|unknown|casual_basic+soft
auto_style_001222,needs_review,0.69,color_mood_unknown|fit_unknown|silhouette_unknown|color_family_unknown,p_05bd2c7c1b64,p_05bd2c7c1b64_01,train,redacted/deepfashion_with_masks_balanced_10_20/p_05bd2c7c1b64_01.jpg,top,sweater,casual,casual,casual_basic|soft,unknown,single_layer,unknown,unknown,unknown,solid,style_top|sweater|casual|unknown|unknown|casual_basic+soft
auto_style_001225,needs_review,0.69,color_mood_unknown|fit_unknown|silhouette_unknown|color_family_unknown,p_9916df2da975,p_9916df2da975_06,train,redacted/deepfashion_with_masks_balanced_10_20/p_9916df2da975_06.jpg,top,tank,casual,casual,casual_basic,unknown,single_layer,unknown,unknown,unknown,solid,style_top|tank|casual|unknown|unknown|casual_basic
auto_style_001236,needs_review,0.69,color_mood_unknown|fit_unknown|silhouette_unknown|color_family_unknown,p_4c5481921f57,p_4c5481921f57_05,train,redacted/deepfashion_with_masks_balanced_10_20/p_4c5481921f57_05.jpg,top,tank,casual,casual,casual_basic,unknown,single_layer,unknown,unknown,unknown,solid,style_top|tank|casual|unknown|unknown|casual_basic
auto_style_001250,needs_review,0.69,color_mood_unknown|fit_unknown|silhouette_unknown|color_family_unknown,p_d2b98093e34b,p_d2b98093e34b_02,train,redacted/deepfashion_with_masks_balanced_10_20/p_d2b98093e34b_02.jpg,top,blouse,casual,casual,classic|minimal,unknown,single_layer,unknown,unknown,unknown,solid,style_top|blouse|casual|unknown|unknown|classic+minimal
auto_style_001276,needs_review,0.69,color_mood_unknown|fit_unknown|silhouette_unknown|color_family_unknown,p_44d4ce236cf5,p_44d4ce236cf5_01,train,redacted/deepfashion_with_masks_balanced_10_20/p_44d4ce236cf5_01.jpg,dress_jumpsuit,midi_dress,casual,casual,classic|romantic,unknown,single_layer,unknown,unknown,unknown,stripe,style_dress_jumpsuit|midi_dress|casual|unknown|unknown|classic+romantic
auto_style_001277,needs_review,0.69,color_mood_unknown|fit_unknown|silhouette_unknown|color_family_unknown,p_ffdfe74c2f4b,p_ffdfe74c2f4b_04,train,redacted/deepfashion_with_masks_balanced_10_20/p_ffdfe74c2f4b_04.jpg,top,tank,casual,casual,casual_basic,unknown,single_layer,unknown,unknown,unknown,solid,style_top|tank|casual|unknown|unknown|casual_basic
auto_style_001278,needs_review,0.69,color_mood_unknown|fit_unknown|silhouette_unknown|color_family_unknown,p_30688ace162a,p_30688ace162a_05,train,redacted/deepfashion_with_masks_balanced_10_20/p_30688ace162a_05.jpg,top,tank,casual,casual,casual_basic,unknown,single_layer,unknown,unknown,unknown,solid,style_top|tank|casual|unknown|unknown|casual_basic
auto_style_001287,needs_review,0.69,color_mood_unknown|fit_unknown|silhouette_unknown|color_family_unknown,p_0f4d1f6ab72b,p_0f4d1f6ab72b_05,train,redacted/deepfashion_with_masks_balanced_10_20/p_0f4d1f6ab72b_05.jpg,dress_jumpsuit,midi_dress,casual,casual,classic|romantic,unknown,single_layer,unknown,unknown,unknown,solid,style_dress_jumpsuit|midi_dress|casual|unknown|unknown|classic+romantic
auto_style_001303,needs_review,0.66,color_mood_unknown|fit_unknown|silhouette_unknown|color_family_unknown,p_5686e66fcf77,p_5686e66fcf77_01,train,redacted/deepfashion_with_masks_balanced_10_20/p_5686e66fcf77_01.jpg,top,cardigan,casual,casual,casual_basic|soft,unknown,light_layering,unknown,unknown,unknown,solid,style_top|cardigan|casual|unknown|unknown|casual_basic+soft
auto_style_001307,needs_review,0.69,color_mood_unknown|fit_unknown|silhouette_unknown|color_family_unknown,p_207a19789a31,p_207a19789a31_04,train,redacted/deepfashion_with_masks_balanced_10_20/p_207a19789a31_04.jpg,top,tank,casual,casual,casual_basic,unknown,single_layer,unknown,unknown,unknown,plaid,style_top|tank|casual|unknown|unknown|casual_basic
auto_style_001312,needs_review,0.69,color_mood_unknown|fit_unknown|silhouette_unknown|color_family_unknown,p_b1909b077f20,p_b1909b077f20_04,train,redacted/deepfashion_with_masks_balanced_10_20/p_b1909b077f20_04.jpg,top,sweater,casual,casual,casual_basic|soft,unknown,single_layer,unknown,unknown,unknown,solid,style_top|sweater|casual|unknown|unknown|casual_basic+soft
auto_style_001318,needs_review,0.69,color_mood_unknown|fit_unknown|silhouette_unknown|color_family_unknown,p_6d933b9f48fb,p_6d933b9f48fb_02,train,redacted/deepfashion_with_masks_balanced_10_20/p_6d933b9f48fb_02.jpg,top,tank,casual,casual,casual_basic,unknown,single_layer,unknown,unknown,unknown,stripe,style_top|tank|casual|unknown|unknown|casual_basic
auto_style_001334,needs_review,0.69,color_mood_unknown|fit_unknown|silhouette_unknown|color_family_unknown,p_03cc2a483eb8,p_03cc2a483eb8_04,train,redacted/deepfashion_with_masks_balanced_10_20/p_03cc2a483eb8_04.jpg,top,tank,casual,casual,casual_basic,unknown,single_layer,unknown,unknown,unknown,solid,style_top|tank|casual|unknown|unknown|casual_basic
auto_style_001335,needs_review,0.69,color_mood_unknown|fit_unknown|silhouette_unknown|color_family_unknown,p_2a4f88be6138,p_2a4f88be6138_05,train,redacted/deepfashion_with_masks_balanced_10_20/p_2a4f88be6138_05.jpg,dress_jumpsuit,midi_dress,casual,casual,classic|romantic,unknown,single_layer,unknown,unknown,unknown,stripe,style_dress_jumpsuit|midi_dress|casual|unknown|unknown|classic+romantic
auto_style_001337,needs_review,0.69,color_mood_unknown|fit_unknown|silhouette_unknown|color_family_unknown,p_512b25950a4c,p_512b25950a4c_02,train,redacted/deepfashion_with_masks_balanced_10_20/p_512b25950a4c_02.jpg,top,tank,casual,casual,casual_basic,unknown,single_layer,unknown,unknown,unknown,solid,style_top|tank|casual|unknown|unknown|casual_basic
auto_style_001340,needs_review,0.69,color_mood_unknown|fit_unknown|silhouette_unknown|color_family_unknown,p_c2a7c8940e3b,p_c2a7c8940e3b_03,train,redacted/deepfashion_with_masks_balanced_10_20/p_c2a7c8940e3b_03.jpg,top,sweater,casual,casual,casual_basic|soft,unknown,single_layer,unknown,unknown,unknown,solid,style_top|sweater|casual|unknown|unknown|casual_basic+soft
auto_style_001359,needs_review,0.69,color_mood_unknown|fit_unknown|silhouette_unknown|color_family_unknown,p_209304e68c5b,p_209304e68c5b_11,train,redacted/deepfashion_with_masks_balanced_10_20/p_209304e68c5b_11.jpg,top,tank,casual,casual,casual_basic,unknown,single_layer,unknown,unknown,unknown,solid,style_top|tank|casual|unknown|unknown|casual_basic
auto_style_001365,needs_review,0.69,color_mood_unknown|fit_unknown|silhouette_unknown|color_family_unknown,p_aa2c5e36193e,p_aa2c5e36193e_02,train,redacted/deepfashion_with_masks_balanced_10_20/p_aa2c5e36193e_02.jpg,top,blouse,casual,casual,classic|minimal,unknown,single_layer,unknown,unknown,unknown,floral,style_top|blouse|casual|unknown|unknown|classic+minimal
auto_style_001369,needs_review,0.69,color_mood_unknown|fit_unknown|silhouette_unknown|color_family_unknown,p_f9f7626865a4,p_f9f7626865a4_02,train,redacted/deepfashion_with_masks_balanced_10_20/p_f9f7626865a4_02.jpg,dress_jumpsuit,midi_dress,casual,casual,classic|romantic,unknown,single_layer,unknown,unknown,unknown,solid,style_dress_jumpsuit|midi_dress|casual|unknown|unknown|classic+romantic
auto_style_001391,needs_review,0.66,color_mood_unknown|fit_unknown|silhouette_unknown|color_family_unknown,p_42c9ad368b3a,p_42c9ad368b3a_01,train,redacted/deepfashion_with_masks_balanced_10_20/p_42c9ad368b3a_01.jpg,top,cardigan,casual,casual,casual_basic|soft,unknown,light_layering,unknown,unknown,unknown,solid,style_top|cardigan|casual|unknown|unknown|casual_basic+soft
auto_style_001394,needs_review,0.69,color_mood_unknown|fit_unknown|silhouette_unknown|color_family_unknown,p_26636483d25f,p_26636483d25f_07,train,redacted/deepfashion_with_masks_balanced_10_20/p_26636483d25f_07.jpg,top,sweater,casual,casual,casual_basic|soft,unknown,single_layer,unknown,unknown,unknown,solid,style_top|sweater|casual|unknown|unknown|casual_basic+soft
auto_style_001398,needs_review,0.69,color_mood_unknown|fit_unknown|silhouette_unknown|color_family_unknown,p_a18e1a8a80fc,p_a18e1a8a80fc_04,train,redacted/deepfashion_with_masks_balanced_10_20/p_a18e1a8a80fc_04.jpg,dress_jumpsuit,midi_dress,casual,casual,classic|romantic,unknown,single_layer,unknown,unknown,unknown,solid,style_dress_jumpsuit|midi_dress|casual|unknown|unknown|classic+romantic
auto_style_001400,needs_review,0.69,color_mood_unknown|fit_unknown|silhouette_unknown|color_family_unknown,p_9dbbcd8f0fd5,p_9dbbcd8f0fd5_13,train,redacted/deepfashion_with_masks_balanced_10_20/p_9dbbcd8f0fd5_13.jpg,top,tank,casual,casual,casual_basic,unknown,single_layer,unknown,unknown,unknown,solid,style_top|tank|casual|unknown|unknown|casual_basic
auto_style_001405,needs_review,0.69,color_mood_unknown|fit_unknown|silhouette_unknown|color_family_unknown,p_fc67ad8d0090,p_fc67ad8d0090_06,train,redacted/deepfashion_with_masks_balanced_10_20/p_fc67ad8d0090_06.jpg,top,tank,casual,casual,casual_basic,unknown,single_layer,unknown,unknown,unknown,stripe,style_top|tank|casual|unknown|unknown|casual_basic
auto_style_001409,needs_review,0.69,color_mood_unknown|fit_unknown|silhouette_unknown|color_family_unknown,p_f6f3364732d5,p_f6f3364732d5_02,train,redacted/deepfashion_with_masks_balanced_10_20/p_f6f3364732d5_02.jpg,top,sweater,casual,casual,casual_basic|soft,unknown,single_layer,unknown,unknown,unknown,solid,style_top|sweater|casual|unknown|unknown|casual_basic+soft
auto_style_001420,needs_review,0.69,color_mood_unknown|fit_unknown|silhouette_unknown|color_family_unknown,p_44d4ce236cf5,p_44d4ce236cf5_02,train,redacted/deepfashion_with_masks_balanced_10_20/p_44d4ce236cf5_02.jpg,dress_jumpsuit,midi_dress,casual,casual,classic|romantic,unknown,single_layer,unknown,unknown,unknown,stripe,style_dress_jumpsuit|midi_dress|casual|unknown|unknown|classic+romantic
auto_style_001427,needs_review,0.69,color_mood_unknown|fit_unknown|silhouette_unknown|color_family_unknown,p_bebd9bd2844c,p_bebd9bd2844c_03,train,redacted/deepfashion_with_masks_balanced_10_20/p_bebd9bd2844c_03.jpg,top,blouse,casual,casual,classic|minimal,unknown,single_layer,unknown,unknown,unknown,solid,style_top|blouse|casual|unknown|unknown|classic+minimal
auto_style_001432,needs_review,0.69,color_mood_unknown|fit_unknown|silhouette_unknown|color_family_unknown,p_f1256f0aeae8,p_f1256f0aeae8_02,train,redacted/deepfashion_with_masks_balanced_10_20/p_f1256f0aeae8_02.jpg,top,tank,casual,casual,casual_basic,unknown,single_layer,unknown,unknown,unknown,solid,style_top|tank|casual|unknown|unknown|casual_basic
auto_style_001434,needs_review,0.66,color_mood_unknown|fit_unknown|silhouette_unknown|color_family_unknown,p_5686e66fcf77,p_5686e66fcf77_02,train,redacted/deepfashion_with_masks_balanced_10_20/p_5686e66fcf77_02.jpg,top,cardigan,casual,casual,casual_basic|soft,unknown,light_layering,unknown,unknown,unknown,solid,style_top|cardigan|casual|unknown|unknown|casual_basic+soft
auto_style_001447,needs_review,0.69,color_mood_unknown|fit_unknown|silhouette_unknown|color_family_unknown,p_3a6ca9f22f56,p_3a6ca9f22f56_03,train,redacted/deepfashion_with_masks_balanced_10_20/p_3a6ca9f22f56_03.jpg,top,tank,casual,casual,casual_basic,unknown,single_layer,unknown,unknown,unknown,solid,style_top|tank|casual|unknown|unknown|casual_basic
auto_style_001458,needs_review,0.69,color_mood_unknown|fit_unknown|silhouette_unknown|color_family_unknown,p_d9cf0d30e4f2,p_d9cf0d30e4f2_03,train,redacted/deepfashion_with_masks_balanced_10_20/p_d9cf0d30e4f2_03.jpg,top,tank,casual,casual,casual_basic,unknown,single_layer,unknown,unknown,unknown,solid,style_top|tank|casual|unknown|unknown|casual_basic
auto_style_001464,needs_review,0.69,color_mood_unknown|fit_unknown|silhouette_unknown|color_family_unknown,p_3c6c5f66e44f,p_3c6c5f66e44f_06,train,redacted/deepfashion_with_masks_balanced_10_20/p_3c6c5f66e44f_06.jpg,top,sweater,casual,casual,casual_basic|soft,unknown,single_layer,unknown,unknown,unknown,solid,style_top|sweater|casual|unknown|unknown|casual_basic+soft
auto_style_001475,needs_review,0.69,color_mood_unknown|fit_unknown|silhouette_unknown|color_family_unknown,p_9243d590d3da,p_9243d590d3da_03,train,redacted/deepfashion_with_masks_balanced_10_20/p_9243d590d3da_03.jpg,top,tank,casual,casual,casual_basic,unknown,single_layer,unknown,unknown,unknown,solid,style_top|tank|casual|unknown|unknown|casual_basic
auto_style_001520,needs_review,0.66,color_mood_unknown|fit_unknown|silhouette_unknown|color_family_unknown,p_5521ac174644,p_5521ac174644_05,train,redacted/deepfashion_with_masks_balanced_10_20/p_5521ac174644_05.jpg,top,cardigan,casual,casual,casual_basic|soft,unknown,light_layering,unknown,unknown,unknown,solid,style_top|cardigan|casual|unknown|unknown|casual_basic+soft
auto_style_001539,needs_review,0.69,color_mood_unknown|fit_unknown|silhouette_unknown|color_family_unknown,p_44ca0dc442d7,p_44ca0dc442d7_03,train,redacted/deepfashion_with_masks_balanced_10_20/p_44ca0dc442d7_03.jpg,top,sweater,casual,casual,casual_basic|soft,unknown,single_layer,unknown,unknown,unknown,solid,style_top|sweater|casual|unknown|unknown|casual_basic+soft
auto_style_001546,needs_review,0.69,color_mood_unknown|fit_unknown|silhouette_unknown|color_family_unknown,p_c2a7c8940e3b,p_c2a7c8940e3b_04,train,redacted/deepfashion_with_masks_balanced_10_20/p_c2a7c8940e3b_04.jpg,top,sweater,casual,casual,casual_basic|soft,unknown,single_layer,unknown,unknown,unknown,solid,style_top|sweater|casual|unknown|unknown|casual_basic+soft
auto_style_001553,needs_review,0.69,color_mood_unknown|fit_unknown|silhouette_unknown|color_family_unknown,p_70a46de0c3c4,p_70a46de0c3c4_04,train,redacted/deepfashion_with_masks_balanced_10_20/p_70a46de0c3c4_04.jpg,top,sweater,casual,casual,casual_basic|soft,unknown,single_layer,unknown,unknown,unknown,solid,style_top|sweater|casual|unknown|unknown|casual_basic+soft
auto_style_001560,needs_review,0.66,color_mood_unknown|fit_unknown|silhouette_unknown|color_family_unknown,p_b5191067f36e,p_b5191067f36e_03,train,redacted/deepfashion_with_masks_balanced_10_20/p_b5191067f36e_03.jpg,top,cardigan,casual,casual,casual_basic|soft,unknown,light_layering,unknown,unknown,unknown,solid,style_top|cardigan|casual|unknown|unknown|casual_basic+soft
auto_style_001564,needs_review,0.69,color_mood_unknown|fit_unknown|silhouette_unknown|color_family_unknown,p_1199d92ff3c9,p_1199d92ff3c9_05,train,redacted/deepfashion_with_masks_balanced_10_20/p_1199d92ff3c9_05.jpg,top,tank,casual,casual,casual_basic,unknown,single_layer,unknown,unknown,unknown,solid,style_top|tank|casual|unknown|unknown|casual_basic
auto_style_001573,needs_review,0.69,color_mood_unknown|fit_unknown|silhouette_unknown|color_family_unknown,p_d6778b915bf7,p_d6778b915bf7_02,train,redacted/deepfashion_with_masks_balanced_10_20/p_d6778b915bf7_02.jpg,dress_jumpsuit,midi_dress,casual,casual,classic|romantic,unknown,single_layer,unknown,unknown,unknown,solid,style_dress_jumpsuit|midi_dress|casual|unknown|unknown|classic+romantic
auto_style_001577,needs_review,0.69,color_mood_unknown|fit_unknown|silhouette_unknown|color_family_unknown,p_9f903a8e8f83,p_9f903a8e8f83_03,train,redacted/deepfashion_with_masks_balanced_10_20/p_9f903a8e8f83_03.jpg,dress_jumpsuit,midi_dress,casual,casual,classic|romantic,unknown,single_layer,unknown,unknown,unknown,stripe,style_dress_jumpsuit|midi_dress|casual|unknown|unknown|classic+romantic
auto_style_001580,needs_review,0.66,color_mood_unknown|fit_unknown|silhouette_unknown|color_family_unknown,p_dc3414a88dd9,p_dc3414a88dd9_17,train,redacted/deepfashion_with_masks_balanced_10_20/p_dc3414a88dd9_17.jpg,top,cardigan,casual,casual,casual_basic|soft,unknown,light_layering,unknown,unknown,unknown,solid,style_top|cardigan|casual|unknown|unknown|casual_basic+soft
auto_style_001591,needs_review,0.69,color_mood_unknown|fit_unknown|silhouette_unknown|color_family_unknown,p_44b6db537fe0,p_44b6db537fe0_04,train,redacted/deepfashion_with_masks_balanced_10_20/p_44b6db537fe0_04.jpg,dress_jumpsuit,midi_dress,casual,casual,classic|romantic,unknown,single_layer,unknown,unknown,unknown,solid,style_dress_jumpsuit|midi_dress|casual|unknown|unknown|classic+romantic
auto_style_001597,needs_review,0.69,color_mood_unknown|fit_unknown|silhouette_unknown|color_family_unknown,p_149444f6a07a,p_149444f6a07a_04,train,redacted/deepfashion_with_masks_balanced_10_20/p_149444f6a07a_04.jpg,top,blouse,casual,casual,classic|minimal,unknown,single_layer,unknown,unknown,unknown,solid,style_top|blouse|casual|unknown|unknown|classic+minimal
auto_style_001598,needs_review,0.66,color_mood_unknown|fit_unknown|silhouette_unknown|color_family_unknown,p_9948d38b41aa,p_9948d38b41aa_02,train,redacted/deepfashion_with_masks_balanced_10_20/p_9948d38b41aa_02.jpg,outerwear,leather_jacket,casual,casual,casual_basic,unknown,light_layering,unknown,unknown,unknown,solid,style_outerwear|leather_jacket|casual|unknown|unknown|casual_basic
auto_style_001610,needs_review,0.69,color_mood_unknown|fit_unknown|silhouette_unknown|color_family_unknown,p_f09f91955808,p_f09f91955808_02,train,redacted/deepfashion_with_masks_balanced_10_20/p_f09f91955808_02.jpg,top,tank,casual,casual,casual_basic,unknown,single_layer,unknown,unknown,unknown,solid,style_top|tank|casual|unknown|unknown|casual_basic
auto_style_001611,needs_review,0.69,color_mood_unknown|fit_unknown|silhouette_unknown|color_family_unknown,p_ea3b6e24cf6f,p_ea3b6e24cf6f_02,train,redacted/deepfashion_with_masks_balanced_10_20/p_ea3b6e24cf6f_02.jpg,top,sweater,casual,casual,casual_basic|soft,unknown,single_layer,unknown,unknown,unknown,solid,style_top|sweater|casual|unknown|unknown|casual_basic+soft
auto_style_001627,needs_review,0.69,color_mood_unknown|fit_unknown|silhouette_unknown|color_family_unknown,p_f7e9a4e8becc,p_f7e9a4e8becc_04,train,redacted/deepfashion_with_masks_balanced_10_20/p_f7e9a4e8becc_04.jpg,top,tank,casual,casual,casual_basic,unknown,single_layer,unknown,unknown,unknown,solid,style_top|tank|casual|unknown|unknown|casual_basic
auto_style_001632,needs_review,0.66,color_mood_unknown|fit_unknown|silhouette_unknown|color_family_unknown,p_5521ac174644,p_5521ac174644_06,train,redacted/deepfashion_with_masks_balanced_10_20/p_5521ac174644_06.jpg,top,cardigan,casual,casual,casual_basic|soft,unknown,light_layering,unknown,unknown,unknown,floral,style_top|cardigan|casual|unknown|unknown|casual_basic+soft
auto_style_001640,needs_review,0.69,color_mood_unknown|fit_unknown|silhouette_unknown|color_family_unknown,p_7dd5f13e9cd9,p_7dd5f13e9cd9_03,train,redacted/deepfashion_with_masks_balanced_10_20/p_7dd5f13e9cd9_03.jpg,top,tank,casual,casual,casual_basic,unknown,single_layer,unknown,unknown,unknown,stripe,style_top|tank|casual|unknown|unknown|casual_basic
auto_style_001657,needs_review,0.69,color_mood_unknown|fit_unknown|silhouette_unknown|color_family_unknown,p_5437c4377c7b,p_5437c4377c7b_03,train,redacted/deepfashion_with_masks_balanced_10_20/p_5437c4377c7b_03.jpg,top,tank,casual,casual,casual_basic,unknown,single_layer,unknown,unknown,unknown,stripe,style_top|tank|casual|unknown|unknown|casual_basic
auto_style_001659,needs_review,0.69,color_mood_unknown|fit_unknown|silhouette_unknown|color_family_unknown,p_9dbbcd8f0fd5,p_9dbbcd8f0fd5_19,train,redacted/deepfashion_with_masks_balanced_10_20/p_9dbbcd8f0fd5_19.jpg,top,tank,casual,casual,casual_basic,unknown,single_layer,unknown,unknown,unknown,solid,style_top|tank|casual|unknown|unknown|casual_basic
auto_style_001665,needs_review,0.69,color_mood_unknown|fit_unknown|silhouette_unknown|color_family_unknown,p_bacd4b5eb5b9,p_bacd4b5eb5b9_05,train,redacted/deepfashion_with_masks_balanced_10_20/p_bacd4b5eb5b9_05.jpg,top,tank,casual,casual,casual_basic,unknown,single_layer,unknown,unknown,unknown,solid,style_top|tank|casual|unknown|unknown|casual_basic
auto_style_001667,needs_review,0.69,color_mood_unknown|fit_unknown|silhouette_unknown|color_family_unknown,p_fc9e7a528b4c,p_fc9e7a528b4c_03,train,redacted/deepfashion_with_masks_balanced_10_20/p_fc9e7a528b4c_03.jpg,top,tank,casual,casual,casual_basic,unknown,single_layer,unknown,unknown,unknown,stripe,style_top|tank|casual|unknown|unknown|casual_basic
auto_style_001671,needs_review,0.69,color_mood_unknown|fit_unknown|silhouette_unknown|color_family_unknown,p_fc9e7a528b4c,p_fc9e7a528b4c_04,train,redacted/deepfashion_with_masks_balanced_10_20/p_fc9e7a528b4c_04.jpg,top,tank,casual,casual,casual_basic,unknown,single_layer,unknown,unknown,unknown,stripe,style_top|tank|casual|unknown|unknown|casual_basic
auto_style_001684,needs_review,0.69,color_mood_unknown|fit_unknown|silhouette_unknown|color_family_unknown,p_f09f91955808,p_f09f91955808_03,train,redacted/deepfashion_with_masks_balanced_10_20/p_f09f91955808_03.jpg,top,tank,casual,casual,casual_basic,unknown,single_layer,unknown,unknown,unknown,solid,style_top|tank|casual|unknown|unknown|casual_basic
auto_style_001688,needs_review,0.69,color_mood_unknown|fit_unknown|silhouette_unknown|color_family_unknown,p_1e6e21a1fc88,p_1e6e21a1fc88_04,train,redacted/deepfashion_with_masks_balanced_10_20/p_1e6e21a1fc88_04.jpg,dress_jumpsuit,midi_dress,casual,casual,classic|romantic,unknown,single_layer,unknown,unknown,unknown,solid,style_dress_jumpsuit|midi_dress|casual|unknown|unknown|classic+romantic
auto_style_001698,needs_review,0.69,color_mood_unknown|fit_unknown|silhouette_unknown|color_family_unknown,p_1e72b54c3582,p_1e72b54c3582_02,train,redacted/deepfashion_with_masks_balanced_10_20/p_1e72b54c3582_02.jpg,top,tank,casual,casual,casual_basic,unknown,single_layer,unknown,unknown,unknown,solid,style_top|tank|casual|unknown|unknown|casual_basic
auto_style_001699,needs_review,0.66,color_mood_unknown|fit_unknown|silhouette_unknown|color_family_unknown,p_5cbdd849c636,p_5cbdd849c636_03,train,redacted/deepfashion_with_masks_balanced_10_20/p_5cbdd849c636_03.jpg,top,hoodie,casual,casual,casual_basic|streetwear,unknown,single_layer,unknown,unknown,unknown,stripe,style_top|hoodie|casual|unknown|unknown|casual_basic+streetwear
auto_style_001704,needs_review,0.69,color_mood_unknown|fit_unknown|silhouette_unknown|color_family_unknown,p_b517bc0acd5f,p_b517bc0acd5f_02,train,redacted/deepfashion_with_masks_balanced_10_20/p_b517bc0acd5f_02.jpg,top,sweater,casual,casual,casual_basic|soft,unknown,single_layer,unknown,unknown,unknown,solid,style_top|sweater|casual|unknown|unknown|casual_basic+soft
auto_style_001708,needs_review,0.69,color_mood_unknown|fit_unknown|silhouette_unknown|color_family_unknown,p_330d9056eed4,p_330d9056eed4_04,train,redacted/deepfashion_with_masks_balanced_10_20/p_330d9056eed4_04.jpg,top,sweater,casual,casual,casual_basic|soft,unknown,single_layer,unknown,unknown,unknown,solid,style_top|sweater|casual|unknown|unknown|casual_basic+soft
auto_style_001710,needs_review,0.69,color_mood_unknown|fit_unknown|silhouette_unknown|color_family_unknown,p_58f0e836563a,p_58f0e836563a_05,train,redacted/deepfashion_with_masks_balanced_10_20/p_58f0e836563a_05.jpg,top,tank,casual,casual,casual_basic,unknown,single_layer,unknown,unknown,unknown,solid,style_top|tank|casual|unknown|unknown|casual_basic
auto_style_001714,needs_review,0.69,color_mood_unknown|fit_unknown|silhouette_unknown|color_family_unknown,p_7b11ac0d2596,p_7b11ac0d2596_04,train,redacted/deepfashion_with_masks_balanced_10_20/p_7b11ac0d2596_04.jpg,top,tank,casual,casual,casual_basic,unknown,single_layer,unknown,unknown,unknown,solid,style_top|tank|casual|unknown|unknown|casual_basic
auto_style_001717,needs_review,0.69,color_mood_unknown|fit_unknown|silhouette_unknown|color_family_unknown,p_439e55f4b036,p_439e55f4b036_02,train,redacted/deepfashion_with_masks_balanced_10_20/p_439e55f4b036_02.jpg,top,sweater,casual,casual,casual_basic|soft,unknown,single_layer,unknown,unknown,unknown,solid,style_top|sweater|casual|unknown|unknown|casual_basic+soft
auto_style_001723,needs_review,0.69,color_mood_unknown|fit_unknown|silhouette_unknown|color_family_unknown,p_7ecc5546a1fa,p_7ecc5546a1fa_04,train,redacted/deepfashion_with_masks_balanced_10_20/p_7ecc5546a1fa_04.jpg,dress_jumpsuit,midi_dress,casual,casual,classic|romantic,unknown,single_layer,unknown,unknown,unknown,solid,style_dress_jumpsuit|midi_dress|casual|unknown|unknown|classic+romantic
auto_style_001732,needs_review,0.69,color_mood_unknown|fit_unknown|silhouette_unknown|color_family_unknown,p_9fc07204fcdf,p_9fc07204fcdf_05,train,redacted/deepfashion_with_masks_balanced_10_20/p_9fc07204fcdf_05.jpg,top,blouse,casual,casual,classic|minimal,unknown,single_layer,unknown,unknown,unknown,solid,style_top|blouse|casual|unknown|unknown|classic+minimal
auto_style_001734,needs_review,0.69,color_mood_unknown|fit_unknown|silhouette_unknown|color_family_unknown,p_53fb4a70a8a1,p_53fb4a70a8a1_02,train,redacted/deepfashion_with_masks_balanced_10_20/p_53fb4a70a8a1_02.jpg,top,sweater,casual,casual,casual_basic|soft,unknown,single_layer,unknown,unknown,unknown,solid,style_top|sweater|casual|unknown|unknown|casual_basic+soft
auto_style_001760,needs_review,0.69,color_mood_unknown|fit_unknown|silhouette_unknown|color_family_unknown,p_b1909b077f20,p_b1909b077f20_06,train,redacted/deepfashion_with_masks_balanced_10_20/p_b1909b077f20_06.jpg,top,sweater,casual,casual,casual_basic|soft,unknown,single_layer,unknown,unknown,unknown,solid,style_top|sweater|casual|unknown|unknown|casual_basic+soft
auto_style_001772,needs_review,0.69,color_mood_unknown|fit_unknown|silhouette_unknown|color_family_unknown,p_45476f7325fd,p_45476f7325fd_02,train,redacted/deepfashion_with_masks_balanced_10_20/p_45476f7325fd_02.jpg,top,tank,casual,casual,casual_basic,unknown,single_layer,unknown,unknown,unknown,stripe,style_top|tank|casual|unknown|unknown|casual_basic
auto_style_001777,needs_review,0.69,color_mood_unknown|fit_unknown|silhouette_unknown|color_family_unknown,p_6eca6198a9b8,p_6eca6198a9b8_09,train,redacted/deepfashion_with_masks_balanced_10_20/p_6eca6198a9b8_09.jpg,top,sweater,casual,casual,casual_basic|soft,unknown,single_layer,unknown,unknown,unknown,solid,style_top|sweater|casual|unknown|unknown|casual_basic+soft
auto_style_001783,needs_review,0.69,color_mood_unknown|fit_unknown|silhouette_unknown|color_family_unknown,p_c6c9ae3411ca,p_c6c9ae3411ca_05,train,redacted/deepfashion_with_masks_balanced_10_20/p_c6c9ae3411ca_05.jpg,top,tank,casual,casual,casual_basic,unknown,single_layer,unknown,unknown,unknown,solid,style_top|tank|casual|unknown|unknown|casual_basic
auto_style_001788,needs_review,0.69,color_mood_unknown|fit_unknown|silhouette_unknown|color_family_unknown,p_cd235380485b,p_cd235380485b_03,train,redacted/deepfashion_with_masks_balanced_10_20/p_cd235380485b_03.jpg,top,tank,casual,casual,casual_basic,unknown,single_layer,unknown,unknown,unknown,stripe,style_top|tank|casual|unknown|unknown|casual_basic
auto_style_001794,needs_review,0.69,color_mood_unknown|fit_unknown|silhouette_unknown|color_family_unknown,p_00cbc89fb4b1,p_00cbc89fb4b1_02,train,redacted/deepfashion_with_masks_balanced_10_20/p_00cbc89fb4b1_02.jpg,dress_jumpsuit,midi_dress,casual,casual,classic|romantic,unknown,single_layer,unknown,unknown,unknown,solid,style_dress_jumpsuit|midi_dress|casual|unknown|unknown|classic+romantic
auto_style_001799,needs_review,0.69,color_mood_unknown|fit_unknown|silhouette_unknown|color_family_unknown,p_1e72b54c3582,p_1e72b54c3582_03,train,redacted/deepfashion_with_masks_balanced_10_20/p_1e72b54c3582_03.jpg,top,tank,casual,casual,casual_basic,unknown,single_layer,unknown,unknown,unknown,solid,style_top|tank|casual|unknown|unknown|casual_basic
auto_style_001806,needs_review,0.69,color_mood_unknown|fit_unknown|silhouette_unknown|color_family_unknown,p_cc423ec2b108,p_cc423ec2b108_05,train,redacted/deepfashion_with_masks_balanced_10_20/p_cc423ec2b108_05.jpg,top,tank,casual,casual,casual_basic,unknown,single_layer,unknown,unknown,unknown,solid,style_top|tank|casual|unknown|unknown|casual_basic
auto_style_001807,needs_review,0.69,color_mood_unknown|fit_unknown|silhouette_unknown|color_family_unknown,p_44d4ce236cf5,p_44d4ce236cf5_03,train,redacted/deepfashion_with_masks_balanced_10_20/p_44d4ce236cf5_03.jpg,dress_jumpsuit,midi_dress,casual,casual,classic|romantic,unknown,single_layer,unknown,unknown,unknown,stripe,style_dress_jumpsuit|midi_dress|casual|unknown|unknown|classic+romantic
auto_style_001808,needs_review,0.69,color_mood_unknown|fit_unknown|silhouette_unknown|color_family_unknown,p_7ecc5546a1fa,p_7ecc5546a1fa_05,train,redacted/deepfashion_with_masks_balanced_10_20/p_7ecc5546a1fa_05.jpg,dress_jumpsuit,midi_dress,casual,casual,classic|romantic,unknown,single_layer,unknown,unknown,unknown,solid,style_dress_jumpsuit|midi_dress|casual|unknown|unknown|classic+romantic
auto_style_001810,needs_review,0.66,color_mood_unknown|fit_unknown|silhouette_unknown|color_family_unknown,p_dacb5c4669f8,p_dacb5c4669f8_01,train,redacted/deepfashion_with_masks_balanced_10_20/p_dacb5c4669f8_01.jpg,outerwear,denim_jacket,casual,casual,casual_basic,unknown,light_layering,unknown,unknown,unknown,plaid,style_outerwear|denim_jacket|casual|unknown|unknown|casual_basic
auto_style_001825,needs_review,0.69,color_mood_unknown|fit_unknown|silhouette_unknown|color_family_unknown,p_fa84dd93d7a2,p_fa84dd93d7a2_02,train,redacted/deepfashion_with_masks_balanced_10_20/p_fa84dd93d7a2_02.jpg,dress_jumpsuit,midi_dress,casual,casual,classic|romantic,unknown,single_layer,unknown,unknown,unknown,solid,style_dress_jumpsuit|midi_dress|casual|unknown|unknown|classic+romantic
auto_style_001832,needs_review,0.69,color_mood_unknown|fit_unknown|silhouette_unknown|color_family_unknown,p_cd235380485b,p_cd235380485b_04,train,redacted/deepfashion_with_masks_balanced_10_20/p_cd235380485b_04.jpg,top,tank,casual,casual,casual_basic,unknown,single_layer,unknown,unknown,unknown,solid,style_top|tank|casual|unknown|unknown|casual_basic
auto_style_001839,needs_review,0.69,color_mood_unknown|fit_unknown|silhouette_unknown|color_family_unknown,p_f3a4bed3001a,p_f3a4bed3001a_03,train,redacted/deepfashion_with_masks_balanced_10_20/p_f3a4bed3001a_03.jpg,top,tank,casual,casual,casual_basic,unknown,single_layer,unknown,unknown,unknown,stripe,style_top|tank|casual|unknown|unknown|casual_basic
auto_style_001842,needs_review,0.69,color_mood_unknown|fit_unknown|silhouette_unknown|color_family_unknown,p_2e1f3f512fef,p_2e1f3f512fef_05,train,redacted/deepfashion_with_masks_balanced_10_20/p_2e1f3f512fef_05.jpg,top,tank,casual,casual,casual_basic,unknown,single_layer,unknown,unknown,unknown,stripe,style_top|tank|casual|unknown|unknown|casual_basic
auto_style_001852,needs_review,0.69,color_mood_unknown|fit_unknown|silhouette_unknown|color_family_unknown,p_d513a228f240,p_d513a228f240_01,train,redacted/deepfashion_with_masks_balanced_10_20/p_d513a228f240_01.jpg,top,sweater,casual,casual,casual_basic|soft,unknown,single_layer,unknown,unknown,unknown,solid,style_top|sweater|casual|unknown|unknown|casual_basic+soft
auto_style_001885,needs_review,0.69,color_mood_unknown|fit_unknown|silhouette_unknown|color_family_unknown,p_a78fca6fc42a,p_a78fca6fc42a_07,train,redacted/deepfashion_with_masks_balanced_10_20/p_a78fca6fc42a_07.jpg,top,blouse,casual,casual,classic|minimal,unknown,single_layer,unknown,unknown,unknown,solid,style_top|blouse|casual|unknown|unknown|classic+minimal
auto_style_001886,needs_review,0.69,color_mood_unknown|fit_unknown|silhouette_unknown|color_family_unknown,p_42fb33dca4f2,p_42fb33dca4f2_02,train,redacted/deepfashion_with_masks_balanced_10_20/p_42fb33dca4f2_02.jpg,top,tank,casual,casual,casual_basic,unknown,single_layer,unknown,unknown,unknown,stripe,style_top|tank|casual|unknown|unknown|casual_basic
auto_style_001896,needs_review,0.69,color_mood_unknown|fit_unknown|silhouette_unknown|color_family_unknown,p_6e6799f782ec,p_6e6799f782ec_02,train,redacted/deepfashion_with_masks_balanced_10_20/p_6e6799f782ec_02.jpg,top,tank,casual,casual,casual_basic,unknown,single_layer,unknown,unknown,unknown,plaid,style_top|tank|casual|unknown|unknown|casual_basic
auto_style_001919,needs_review,0.66,color_mood_unknown|fit_unknown|silhouette_unknown|color_family_unknown,p_5370d30279c0,p_5370d30279c0_03,train,redacted/deepfashion_with_masks_balanced_10_20/p_5370d30279c0_03.jpg,top,cardigan,casual,casual,casual_basic|soft,unknown,light_layering,unknown,unknown,unknown,solid,style_top|cardigan|casual|unknown|unknown|casual_basic+soft
auto_style_001927,needs_review,0.69,color_mood_unknown|fit_unknown|silhouette_unknown|color_family_unknown,p_4e921c081b70,p_4e921c081b70_02,train,redacted/deepfashion_with_masks_balanced_10_20/p_4e921c081b70_02.jpg,dress_jumpsuit,midi_dress,casual,casual,classic|romantic,unknown,single_layer,unknown,unknown,unknown,solid,style_dress_jumpsuit|midi_dress|casual|unknown|unknown|classic+romantic
auto_style_001934,needs_review,0.69,color_mood_unknown|fit_unknown|silhouette_unknown|color_family_unknown,p_5f2e5a985311,p_5f2e5a985311_04,train,redacted/deepfashion_with_masks_balanced_10_20/p_5f2e5a985311_04.jpg,top,tank,casual,casual,casual_basic,unknown,single_layer,unknown,unknown,unknown,solid,style_top|tank|casual|unknown|unknown|casual_basic
auto_style_001935,needs_review,0.69,color_mood_unknown|fit_unknown|silhouette_unknown|color_family_unknown,p_44ca0dc442d7,p_44ca0dc442d7_04,train,redacted/deepfashion_with_masks_balanced_10_20/p_44ca0dc442d7_04.jpg,top,sweater,casual,casual,casual_basic|soft,unknown,single_layer,unknown,unknown,unknown,solid,style_top|sweater|casual|unknown|unknown|casual_basic+soft
auto_style_001940,needs_review,0.69,color_mood_unknown|fit_unknown|silhouette_unknown|color_family_unknown,p_5b97cacf6d99,p_5b97cacf6d99_04,train,redacted/deepfashion_with_masks_balanced_10_20/p_5b97cacf6d99_04.jpg,top,tank,casual,casual,casual_basic,unknown,single_layer,unknown,unknown,unknown,solid,style_top|tank|casual|unknown|unknown|casual_basic
auto_style_001947,needs_review,0.69,color_mood_unknown|fit_unknown|silhouette_unknown|color_family_unknown,p_c4dec0d9eff4,p_c4dec0d9eff4_01,train,redacted/deepfashion_with_masks_balanced_10_20/p_c4dec0d9eff4_01.jpg,dress_jumpsuit,midi_dress,casual,casual,classic|romantic,unknown,single_layer,unknown,unknown,unknown,solid,style_dress_jumpsuit|midi_dress|casual|unknown|unknown|classic+romantic
auto_style_001963,needs_review,0.69,color_mood_unknown|fit_unknown|silhouette_unknown|color_family_unknown,p_3e7eecbbe3ec,p_3e7eecbbe3ec_03,train,redacted/deepfashion_with_masks_balanced_10_20/p_3e7eecbbe3ec_03.jpg,top,tank,casual,casual,casual_basic,unknown,single_layer,unknown,unknown,unknown,solid,style_top|tank|casual|unknown|unknown|casual_basic
auto_style_001966,needs_review,0.66,color_mood_unknown|fit_unknown|silhouette_unknown|color_family_unknown,p_2b8142e4aaf3,p_2b8142e4aaf3_02,train,redacted/deepfashion_with_masks_balanced_10_20/p_2b8142e4aaf3_02.jpg,top,cardigan,casual,casual,casual_basic|soft,unknown,light_layering,unknown,unknown,unknown,solid,style_top|cardigan|casual|unknown|unknown|casual_basic+soft
auto_style_001973,needs_review,0.69,color_mood_unknown|fit_unknown|silhouette_unknown|color_family_unknown,p_6eca6198a9b8,p_6eca6198a9b8_10,train,redacted/deepfashion_with_masks_balanced_10_20/p_6eca6198a9b8_10.jpg,top,sweater,casual,casual,casual_basic|soft,unknown,single_layer,unknown,unknown,unknown,solid,style_top|sweater|casual|unknown|unknown|casual_basic+soft
auto_style_001974,needs_review,0.69,color_mood_unknown|fit_unknown|silhouette_unknown|color_family_unknown,p_44d4ce236cf5,p_44d4ce236cf5_04,train,redacted/deepfashion_with_masks_balanced_10_20/p_44d4ce236cf5_04.jpg,dress_jumpsuit,midi_dress,casual,casual,classic|romantic,unknown,single_layer,unknown,unknown,unknown,stripe,style_dress_jumpsuit|midi_dress|casual|unknown|unknown|classic+romantic
auto_style_001993,needs_review,0.69,color_mood_unknown|fit_unknown|silhouette_unknown|color_family_unknown,p_cc73165c1cc7,p_cc73165c1cc7_04,train,redacted/deepfashion_with_masks_balanced_10_20/p_cc73165c1cc7_04.jpg,top,tank,casual,casual,casual_basic,unknown,single_layer,unknown,unknown,unknown,solid,style_top|tank|casual|unknown|unknown|casual_basic
auto_style_001994,needs_review,0.69,color_mood_unknown|fit_unknown|silhouette_unknown|color_family_unknown,p_737541cbf431,p_737541cbf431_04,train,redacted/deepfashion_with_masks_balanced_10_20/p_737541cbf431_04.jpg,top,tank,casual,casual,casual_basic,unknown,single_layer,unknown,unknown,unknown,stripe,style_top|tank|casual|unknown|unknown|casual_basic
auto_style_001996,needs_review,0.69,color_mood_unknown|fit_unknown|silhouette_unknown|color_family_unknown,p_3c6c5f66e44f,p_3c6c5f66e44f_07,train,redacted/deepfashion_with_masks_balanced_10_20/p_3c6c5f66e44f_07.jpg,top,sweater,casual,casual,casual_basic|soft,unknown,single_layer,unknown,unknown,unknown,solid,style_top|sweater|casual|unknown|unknown|casual_basic+soft
auto_style_002009,needs_review,0.69,color_mood_unknown|fit_unknown|silhouette_unknown|color_family_unknown,p_7d1de64532ed,p_7d1de64532ed_03,train,redacted/deepfashion_with_masks_balanced_10_20/p_7d1de64532ed_03.jpg,top,blouse,casual,casual,classic|minimal,unknown,single_layer,unknown,unknown,unknown,solid,style_top|blouse|casual|unknown|unknown|classic+minimal
auto_style_002015,needs_review,0.69,color_mood_unknown|fit_unknown|silhouette_unknown|color_family_unknown,p_41e10f05a727,p_41e10f05a727_10,train,redacted/deepfashion_with_masks_balanced_10_20/p_41e10f05a727_10.jpg,top,sweater,casual,casual,casual_basic|soft,unknown,single_layer,unknown,unknown,unknown,solid,style_top|sweater|casual|unknown|unknown|casual_basic+soft
auto_style_002016,needs_review,0.69,color_mood_unknown|fit_unknown|silhouette_unknown|color_family_unknown,p_bc4ee77e078e,p_bc4ee77e078e_03,train,redacted/deepfashion_with_masks_balanced_10_20/p_bc4ee77e078e_03.jpg,dress_jumpsuit,midi_dress,casual,casual,classic|romantic,unknown,single_layer,unknown,unknown,unknown,solid,style_dress_jumpsuit|midi_dress|casual|unknown|unknown|classic+romantic
auto_style_002019,needs_review,0.66,color_mood_unknown|fit_unknown|silhouette_unknown|color_family_unknown,p_31785ad1d0ad,p_31785ad1d0ad_01,train,redacted/deepfashion_with_masks_balanced_10_20/p_31785ad1d0ad_01.jpg,dress_jumpsuit,romper,casual,casual,classic|romantic,unknown,single_layer,unknown,unknown,unknown,solid,style_dress_jumpsuit|romper|casual|unknown|unknown|classic+romantic
auto_style_002034,needs_review,0.69,color_mood_unknown|fit_unknown|silhouette_unknown|color_family_unknown,p_1945bdac02c0,p_1945bdac02c0_04,train,redacted/deepfashion_with_masks_balanced_10_20/p_1945bdac02c0_04.jpg,top,tank,casual,casual,casual_basic,unknown,single_layer,unknown,unknown,unknown,solid,style_top|tank|casual|unknown|unknown|casual_basic
auto_style_002056,needs_review,0.69,color_mood_unknown|fit_unknown|silhouette_unknown|color_family_unknown,p_ecd1d4c5d5f0,p_ecd1d4c5d5f0_03,train,redacted/deepfashion_with_masks_balanced_10_20/p_ecd1d4c5d5f0_03.jpg,top,sweater,casual,casual,casual_basic|soft,unknown,single_layer,unknown,unknown,unknown,solid,style_top|sweater|casual|unknown|unknown|casual_basic+soft
auto_style_002069,needs_review,0.69,color_mood_unknown|fit_unknown|silhouette_unknown|color_family_unknown,p_3405cf9eaa3e,p_3405cf9eaa3e_02,train,redacted/deepfashion_with_masks_balanced_10_20/p_3405cf9eaa3e_02.jpg,top,sweater,casual,casual,casual_basic|soft,unknown,single_layer,unknown,unknown,unknown,solid,style_top|sweater|casual|unknown|unknown|casual_basic+soft
auto_style_002076,needs_review,0.69,color_mood_unknown|fit_unknown|silhouette_unknown|color_family_unknown,p_5437c4377c7b,p_5437c4377c7b_04,train,redacted/deepfashion_with_masks_balanced_10_20/p_5437c4377c7b_04.jpg,top,tank,casual,casual,casual_basic,unknown,single_layer,unknown,unknown,unknown,stripe,style_top|tank|casual|unknown|unknown|casual_basic
auto_style_002095,needs_review,0.69,color_mood_unknown|fit_unknown|silhouette_unknown|color_family_unknown,p_d7946699f638,p_d7946699f638_03,train,redacted/deepfashion_with_masks_balanced_10_20/p_d7946699f638_03.jpg,top,sweater,casual,casual,casual_basic|soft,unknown,single_layer,unknown,unknown,unknown,solid,style_top|sweater|casual|unknown|unknown|casual_basic+soft
auto_style_002098,needs_review,0.69,color_mood_unknown|fit_unknown|silhouette_unknown|color_family_unknown,p_70a46de0c3c4,p_70a46de0c3c4_05,train,redacted/deepfashion_with_masks_balanced_10_20/p_70a46de0c3c4_05.jpg,top,sweater,casual,casual,casual_basic|soft,unknown,single_layer,unknown,unknown,unknown,solid,style_top|sweater|casual|unknown|unknown|casual_basic+soft
auto_style_002102,needs_review,0.69,color_mood_unknown|fit_unknown|silhouette_unknown|color_family_unknown,p_27d683bb9915,p_27d683bb9915_04,train,redacted/deepfashion_with_masks_balanced_10_20/p_27d683bb9915_04.jpg,top,tank,casual,casual,casual_basic,unknown,single_layer,unknown,unknown,unknown,solid,style_top|tank|casual|unknown|unknown|casual_basic
auto_style_002104,needs_review,0.69,color_mood_unknown|fit_unknown|silhouette_unknown|color_family_unknown,p_972be3accdf3,p_972be3accdf3_04,train,redacted/deepfashion_with_masks_balanced_10_20/p_972be3accdf3_04.jpg,top,sweater,casual,casual,casual_basic|soft,unknown,single_layer,unknown,unknown,unknown,solid,style_top|sweater|casual|unknown|unknown|casual_basic+soft
auto_style_002117,needs_review,0.69,color_mood_unknown|fit_unknown|silhouette_unknown|color_family_unknown,p_f460e9ddc319,p_f460e9ddc319_03,train,redacted/deepfashion_with_masks_balanced_10_20/p_f460e9ddc319_03.jpg,top,tank,casual,casual,casual_basic,unknown,single_layer,unknown,unknown,unknown,solid,style_top|tank|casual|unknown|unknown|casual_basic
auto_style_002130,needs_review,0.69,color_mood_unknown|fit_unknown|silhouette_unknown|color_family_unknown,p_8c2004dd7ede,p_8c2004dd7ede_03,train,redacted/deepfashion_with_masks_balanced_10_20/p_8c2004dd7ede_03.jpg,dress_jumpsuit,midi_dress,casual,casual,classic|romantic,unknown,single_layer,unknown,unknown,unknown,solid,style_dress_jumpsuit|midi_dress|casual|unknown|unknown|classic+romantic
auto_style_002134,needs_review,0.69,color_mood_unknown|fit_unknown|silhouette_unknown|color_family_unknown,p_dc1124d71733,p_dc1124d71733_05,train,redacted/deepfashion_with_masks_balanced_10_20/p_dc1124d71733_05.jpg,top,tank,casual,casual,casual_basic,unknown,single_layer,unknown,unknown,unknown,stripe,style_top|tank|casual|unknown|unknown|casual_basic
auto_style_002135,needs_review,0.66,color_mood_unknown|fit_unknown|silhouette_unknown|color_family_unknown,p_1bcb6ee0e7e6,p_1bcb6ee0e7e6_04,train,redacted/deepfashion_with_masks_balanced_10_20/p_1bcb6ee0e7e6_04.jpg,dress_jumpsuit,romper,casual,casual,classic|romantic,unknown,single_layer,unknown,unknown,unknown,solid,style_dress_jumpsuit|romper|casual|unknown|unknown|classic+romantic
auto_style_002145,needs_review,0.69,color_mood_unknown|fit_unknown|silhouette_unknown|color_family_unknown,p_26636483d25f,p_26636483d25f_08,train,redacted/deepfashion_with_masks_balanced_10_20/p_26636483d25f_08.jpg,top,sweater,casual,casual,casual_basic|soft,unknown,single_layer,unknown,unknown,unknown,solid,style_top|sweater|casual|unknown|unknown|casual_basic+soft
auto_style_002152,needs_review,0.69,color_mood_unknown|fit_unknown|silhouette_unknown|color_family_unknown,p_6eca6198a9b8,p_6eca6198a9b8_11,train,redacted/deepfashion_with_masks_balanced_10_20/p_6eca6198a9b8_11.jpg,top,sweater,casual,casual,casual_basic|soft,unknown,single_layer,unknown,unknown,unknown,solid,style_top|sweater|casual|unknown|unknown|casual_basic+soft
auto_style_002163,needs_review,0.69,color_mood_unknown|fit_unknown|silhouette_unknown|color_family_unknown,p_1e72b54c3582,p_1e72b54c3582_04,train,redacted/deepfashion_with_masks_balanced_10_20/p_1e72b54c3582_04.jpg,top,tank,casual,casual,casual_basic,unknown,single_layer,unknown,unknown,unknown,solid,style_top|tank|casual|unknown|unknown|casual_basic
auto_style_002168,needs_review,0.69,color_mood_unknown|fit_unknown|silhouette_unknown|color_family_unknown,p_5437c4377c7b,p_5437c4377c7b_05,train,redacted/deepfashion_with_masks_balanced_10_20/p_5437c4377c7b_05.jpg,top,tank,casual,casual,casual_basic,unknown,single_layer,unknown,unknown,unknown,stripe,style_top|tank|casual|unknown|unknown|casual_basic
auto_style_002211,needs_review,0.69,color_mood_unknown|fit_unknown|silhouette_unknown|color_family_unknown,p_aa2c5e36193e,p_aa2c5e36193e_03,train,redacted/deepfashion_with_masks_balanced_10_20/p_aa2c5e36193e_03.jpg,top,blouse,casual,casual,classic|minimal,unknown,single_layer,unknown,unknown,unknown,floral,style_top|blouse|casual|unknown|unknown|classic+minimal
auto_style_002219,needs_review,0.69,color_mood_unknown|fit_unknown|silhouette_unknown|color_family_unknown,p_aed2477f19f5,p_aed2477f19f5_06,train,redacted/deepfashion_with_masks_balanced_10_20/p_aed2477f19f5_06.jpg,top,tank,casual,casual,casual_basic,unknown,single_layer,unknown,unknown,unknown,solid,style_top|tank|casual|unknown|unknown|casual_basic
auto_style_002226,needs_review,0.69,color_mood_unknown|fit_unknown|silhouette_unknown|color_family_unknown,p_757eee7040d3,p_757eee7040d3_09,train,redacted/deepfashion_with_masks_balanced_10_20/p_757eee7040d3_09.jpg,top,sweater,casual,casual,casual_basic|soft,unknown,single_layer,unknown,unknown,unknown,solid,style_top|sweater|casual|unknown|unknown|casual_basic+soft
auto_style_002234,needs_review,0.66,color_mood_unknown|fit_unknown|silhouette_unknown|color_family_unknown,p_da93dc243f2e,p_da93dc243f2e_03,train,redacted/deepfashion_with_masks_balanced_10_20/p_da93dc243f2e_03.jpg,top,cardigan,casual,casual,casual_basic|soft,unknown,light_layering,unknown,unknown,unknown,solid,style_top|cardigan|casual|unknown|unknown|casual_basic+soft
auto_style_002238,needs_review,0.69,color_mood_unknown|fit_unknown|silhouette_unknown|color_family_unknown,p_ecd1d4c5d5f0,p_ecd1d4c5d5f0_04,train,redacted/deepfashion_with_masks_balanced_10_20/p_ecd1d4c5d5f0_04.jpg,top,sweater,casual,casual,casual_basic|soft,unknown,single_layer,unknown,unknown,unknown,solid,style_top|sweater|casual|unknown|unknown|casual_basic+soft
auto_style_002239,needs_review,0.69,color_mood_unknown|fit_unknown|silhouette_unknown|color_family_unknown,p_70a46de0c3c4,p_70a46de0c3c4_06,train,redacted/deepfashion_with_masks_balanced_10_20/p_70a46de0c3c4_06.jpg,top,sweater,casual,casual,casual_basic|soft,unknown,single_layer,unknown,unknown,unknown,solid,style_top|sweater|casual|unknown|unknown|casual_basic+soft
auto_style_002248,needs_review,0.69,color_mood_unknown|fit_unknown|silhouette_unknown|color_family_unknown,p_d079b122ca77,p_d079b122ca77_03,train,redacted/deepfashion_with_masks_balanced_10_20/p_d079b122ca77_03.jpg,top,tank,casual,casual,casual_basic,unknown,single_layer,unknown,unknown,unknown,solid,style_top|tank|casual|unknown|unknown|casual_basic
auto_style_002259,needs_review,0.69,color_mood_unknown|fit_unknown|silhouette_unknown|color_family_unknown,p_d4d47b2521bd,p_d4d47b2521bd_10,train,redacted/deepfashion_with_masks_balanced_10_20/p_d4d47b2521bd_10.jpg,top,tank,casual,casual,casual_basic,unknown,single_layer,unknown,unknown,unknown,solid,style_top|tank|casual|unknown|unknown|casual_basic
auto_style_002265,needs_review,0.69,color_mood_unknown|fit_unknown|silhouette_unknown|color_family_unknown,p_3edf7e4932d1,p_3edf7e4932d1_03,train,redacted/deepfashion_with_masks_balanced_10_20/p_3edf7e4932d1_03.jpg,top,tank,casual,casual,casual_basic,unknown,single_layer,unknown,unknown,unknown,solid,style_top|tank|casual|unknown|unknown|casual_basic
auto_style_002266,needs_review,0.69,color_mood_unknown|fit_unknown|silhouette_unknown|color_family_unknown,p_645e6607f0dc,p_645e6607f0dc_06,train,redacted/deepfashion_with_masks_balanced_10_20/p_645e6607f0dc_06.jpg,top,tank,casual,casual,casual_basic,unknown,single_layer,unknown,unknown,unknown,solid,style_top|tank|casual|unknown|unknown|casual_basic
auto_style_002273,needs_review,0.69,color_mood_unknown|fit_unknown|silhouette_unknown|color_family_unknown,p_3405cf9eaa3e,p_3405cf9eaa3e_03,train,redacted/deepfashion_with_masks_balanced_10_20/p_3405cf9eaa3e_03.jpg,top,sweater,casual,casual,casual_basic|soft,unknown,single_layer,unknown,unknown,unknown,solid,style_top|sweater|casual|unknown|unknown|casual_basic+soft
auto_style_002276,needs_review,0.69,color_mood_unknown|fit_unknown|silhouette_unknown|color_family_unknown,p_44d4ce236cf5,p_44d4ce236cf5_05,train,redacted/deepfashion_with_masks_balanced_10_20/p_44d4ce236cf5_05.jpg,dress_jumpsuit,midi_dress,casual,casual,classic|romantic,unknown,single_layer,unknown,unknown,unknown,stripe,style_dress_jumpsuit|midi_dress|casual|unknown|unknown|classic+romantic
auto_style_002287,needs_review,0.69,color_mood_unknown|fit_unknown|silhouette_unknown|color_family_unknown,p_45476f7325fd,p_45476f7325fd_03,train,redacted/deepfashion_with_masks_balanced_10_20/p_45476f7325fd_03.jpg,top,tank,casual,casual,casual_basic,unknown,single_layer,unknown,unknown,unknown,solid,style_top|tank|casual|unknown|unknown|casual_basic
auto_style_002288,needs_review,0.69,color_mood_unknown|fit_unknown|silhouette_unknown|color_family_unknown,p_15ff0c6514e7,p_15ff0c6514e7_03,train,redacted/deepfashion_with_masks_balanced_10_20/p_15ff0c6514e7_03.jpg,top,tank,casual,casual,casual_basic,unknown,single_layer,unknown,unknown,unknown,solid,style_top|tank|casual|unknown|unknown|casual_basic
auto_style_002300,needs_review,0.69,color_mood_unknown|fit_unknown|silhouette_unknown|color_family_unknown,p_42fb33dca4f2,p_42fb33dca4f2_03,train,redacted/deepfashion_with_masks_balanced_10_20/p_42fb33dca4f2_03.jpg,top,tank,casual,casual,casual_basic,unknown,single_layer,unknown,unknown,unknown,stripe,style_top|tank|casual|unknown|unknown|casual_basic
auto_style_002304,needs_review,0.69,color_mood_unknown|fit_unknown|silhouette_unknown|color_family_unknown,p_42fb33dca4f2,p_42fb33dca4f2_04,train,redacted/deepfashion_with_masks_balanced_10_20/p_42fb33dca4f2_04.jpg,top,tank,casual,casual,casual_basic,unknown,single_layer,unknown,unknown,unknown,stripe,style_top|tank|casual|unknown|unknown|casual_basic
auto_style_002318,needs_review,0.69,color_mood_unknown|fit_unknown|silhouette_unknown|color_family_unknown,p_7434e098f527,p_7434e098f527_13,train,redacted/deepfashion_with_masks_balanced_10_20/p_7434e098f527_13.jpg,top,tank,casual,casual,casual_basic,unknown,single_layer,unknown,unknown,unknown,solid,style_top|tank|casual|unknown|unknown|casual_basic
auto_style_002321,needs_review,0.69,color_mood_unknown|fit_unknown|silhouette_unknown|color_family_unknown,p_b517bc0acd5f,p_b517bc0acd5f_03,train,redacted/deepfashion_with_masks_balanced_10_20/p_b517bc0acd5f_03.jpg,top,sweater,casual,casual,casual_basic|soft,unknown,single_layer,unknown,unknown,unknown,solid,style_top|sweater|casual|unknown|unknown|casual_basic+soft
auto_style_002330,needs_review,0.69,color_mood_unknown|fit_unknown|silhouette_unknown|color_family_unknown,p_42fb33dca4f2,p_42fb33dca4f2_05,train,redacted/deepfashion_with_masks_balanced_10_20/p_42fb33dca4f2_05.jpg,top,tank,casual,casual,casual_basic,unknown,single_layer,unknown,unknown,unknown,stripe,style_top|tank|casual|unknown|unknown|casual_basic
auto_style_002340,needs_review,0.66,color_mood_unknown|fit_unknown|silhouette_unknown|color_family_unknown,p_da93dc243f2e,p_da93dc243f2e_04,train,redacted/deepfashion_with_masks_balanced_10_20/p_da93dc243f2e_04.jpg,top,cardigan,casual,casual,casual_basic|soft,unknown,light_layering,unknown,unknown,unknown,solid,style_top|cardigan|casual|unknown|unknown|casual_basic+soft
auto_style_002341,needs_review,0.69,color_mood_unknown|fit_unknown|silhouette_unknown|color_family_unknown,p_e6bc34bd34d4,p_e6bc34bd34d4_18,train,redacted/deepfashion_with_masks_balanced_10_20/p_e6bc34bd34d4_18.jpg,top,sweater,casual,casual,casual_basic|soft,unknown,single_layer,unknown,unknown,unknown,solid,style_top|sweater|casual|unknown|unknown|casual_basic+soft
auto_style_002360,needs_review,0.69,color_mood_unknown|fit_unknown|silhouette_unknown|color_family_unknown,p_b1909b077f20,p_b1909b077f20_08,train,redacted/deepfashion_with_masks_balanced_10_20/p_b1909b077f20_08.jpg,top,sweater,casual,casual,casual_basic|soft,unknown,single_layer,unknown,unknown,unknown,solid,style_top|sweater|casual|unknown|unknown|casual_basic+soft
auto_style_002363,needs_review,0.69,color_mood_unknown|fit_unknown|silhouette_unknown|color_family_unknown,p_1f2aa821bb4c,p_1f2aa821bb4c_03,train,redacted/deepfashion_with_masks_balanced_10_20/p_1f2aa821bb4c_03.jpg,top,tank,casual,casual,casual_basic,unknown,single_layer,unknown,unknown,unknown,stripe,style_top|tank|casual|unknown|unknown|casual_basic
auto_style_002366,needs_review,0.69,color_mood_unknown|fit_unknown|silhouette_unknown|color_family_unknown,p_f7e9a4e8becc,p_f7e9a4e8becc_06,train,redacted/deepfashion_with_masks_balanced_10_20/p_f7e9a4e8becc_06.jpg,top,tank,casual,casual,casual_basic,unknown,single_layer,unknown,unknown,unknown,solid,style_top|tank|casual|unknown|unknown|casual_basic
auto_style_002370,needs_review,0.69,color_mood_unknown|fit_unknown|silhouette_unknown|color_family_unknown,p_1945bdac02c0,p_1945bdac02c0_05,train,redacted/deepfashion_with_masks_balanced_10_20/p_1945bdac02c0_05.jpg,top,tank,casual,casual,casual_basic,unknown,single_layer,unknown,unknown,unknown,solid,style_top|tank|casual|unknown|unknown|casual_basic
auto_style_002385,needs_review,0.69,color_mood_unknown|fit_unknown|silhouette_unknown|color_family_unknown,p_26636483d25f,p_26636483d25f_09,train,redacted/deepfashion_with_masks_balanced_10_20/p_26636483d25f_09.jpg,top,sweater,casual,casual,casual_basic|soft,unknown,single_layer,unknown,unknown,unknown,solid,style_top|sweater|casual|unknown|unknown|casual_basic+soft
auto_style_002393,needs_review,0.69,color_mood_unknown|fit_unknown|silhouette_unknown|color_family_unknown,p_eedf91627507,p_eedf91627507_08,train,redacted/deepfashion_with_masks_balanced_10_20/p_eedf91627507_08.jpg,top,sweater,casual,casual,casual_basic|soft,unknown,single_layer,unknown,unknown,unknown,solid,style_top|sweater|casual|unknown|unknown|casual_basic+soft
auto_style_002399,needs_review,0.69,color_mood_unknown|fit_unknown|silhouette_unknown|color_family_unknown,p_ea70097a7537,p_ea70097a7537_06,train,redacted/deepfashion_with_masks_balanced_10_20/p_ea70097a7537_06.jpg,top,tank,casual,casual,casual_basic,unknown,single_layer,unknown,unknown,unknown,solid,style_top|tank|casual|unknown|unknown|casual_basic
auto_style_002400,needs_review,0.69,color_mood_unknown|fit_unknown|silhouette_unknown|color_family_unknown,p_a18e1a8a80fc,p_a18e1a8a80fc_05,train,redacted/deepfashion_with_masks_balanced_10_20/p_a18e1a8a80fc_05.jpg,dress_jumpsuit,midi_dress,casual,casual,classic|romantic,unknown,single_layer,unknown,unknown,unknown,solid,style_dress_jumpsuit|midi_dress|casual|unknown|unknown|classic+romantic
auto_style_002408,needs_review,0.69,color_mood_unknown|fit_unknown|silhouette_unknown|color_family_unknown,p_ed5e94f8c2f5,p_ed5e94f8c2f5_04,train,redacted/deepfashion_with_masks_balanced_10_20/p_ed5e94f8c2f5_04.jpg,top,tank,casual,casual,casual_basic,unknown,single_layer,unknown,unknown,unknown,solid,style_top|tank|casual|unknown|unknown|casual_basic
auto_style_002416,needs_review,0.66,color_mood_unknown|fit_unknown|silhouette_unknown|color_family_unknown,p_dacb5c4669f8,p_dacb5c4669f8_02,train,redacted/deepfashion_with_masks_balanced_10_20/p_dacb5c4669f8_02.jpg,outerwear,denim_jacket,casual,casual,casual_basic,unknown,light_layering,unknown,unknown,unknown,plaid,style_outerwear|denim_jacket|casual|unknown|unknown|casual_basic
auto_style_002428,needs_review,0.69,color_mood_unknown|fit_unknown|silhouette_unknown|color_family_unknown,p_26636483d25f,p_26636483d25f_10,train,redacted/deepfashion_with_masks_balanced_10_20/p_26636483d25f_10.jpg,top,sweater,casual,casual,casual_basic|soft,unknown,single_layer,unknown,unknown,unknown,solid,style_top|sweater|casual|unknown|unknown|casual_basic+soft
auto_style_002441,needs_review,0.69,color_mood_unknown|fit_unknown|silhouette_unknown|color_family_unknown,p_207a19789a31,p_207a19789a31_07,train,redacted/deepfashion_with_masks_balanced_10_20/p_207a19789a31_07.jpg,top,tank,casual,casual,casual_basic,unknown,single_layer,unknown,unknown,unknown,solid,style_top|tank|casual|unknown|unknown|casual_basic
auto_style_002449,needs_review,0.69,color_mood_unknown|fit_unknown|silhouette_unknown|color_family_unknown,p_5437c4377c7b,p_5437c4377c7b_06,train,redacted/deepfashion_with_masks_balanced_10_20/p_5437c4377c7b_06.jpg,top,tank,casual,casual,casual_basic,unknown,single_layer,unknown,unknown,unknown,stripe,style_top|tank|casual|unknown|unknown|casual_basic
auto_style_002452,needs_review,0.69,color_mood_unknown|fit_unknown|silhouette_unknown|color_family_unknown,p_3c08aacbff96,p_3c08aacbff96_09,train,redacted/deepfashion_with_masks_balanced_10_20/p_3c08aacbff96_09.jpg,top,tank,casual,casual,casual_basic,unknown,single_layer,unknown,unknown,unknown,solid,style_top|tank|casual|unknown|unknown|casual_basic
auto_style_002464,needs_review,0.66,color_mood_unknown|fit_unknown|silhouette_unknown|color_family_unknown,p_5686e66fcf77,p_5686e66fcf77_04,train,redacted/deepfashion_with_masks_balanced_10_20/p_5686e66fcf77_04.jpg,top,cardigan,casual,casual,casual_basic|soft,unknown,light_layering,unknown,unknown,unknown,solid,style_top|cardigan|casual|unknown|unknown|casual_basic+soft
auto_style_002467,needs_review,0.66,color_mood_unknown|fit_unknown|silhouette_unknown|color_family_unknown,p_e3e16c8e51cb,p_e3e16c8e51cb_04,train,redacted/deepfashion_with_masks_balanced_10_20/p_e3e16c8e51cb_04.jpg,top,cardigan,casual,casual,casual_basic|soft,unknown,light_layering,unknown,unknown,unknown,solid,style_top|cardigan|casual|unknown|unknown|casual_basic+soft
auto_style_002470,needs_review,0.69,color_mood_unknown|fit_unknown|silhouette_unknown|color_family_unknown,p_eedf91627507,p_eedf91627507_09,train,redacted/deepfashion_with_masks_balanced_10_20/p_eedf91627507_09.jpg,top,sweater,casual,casual,casual_basic|soft,unknown,single_layer,unknown,unknown,unknown,solid,style_top|sweater|casual|unknown|unknown|casual_basic+soft
auto_style_002472,needs_review,0.69,color_mood_unknown|fit_unknown|silhouette_unknown|color_family_unknown,p_70472ce8e716,p_70472ce8e716_06,train,redacted/deepfashion_with_masks_balanced_10_20/p_70472ce8e716_06.jpg,top,tank,casual,casual,casual_basic,unknown,single_layer,unknown,unknown,unknown,solid,style_top|tank|casual|unknown|unknown|casual_basic
auto_style_002473,needs_review,0.69,color_mood_unknown|fit_unknown|silhouette_unknown|color_family_unknown,p_4e921c081b70,p_4e921c081b70_04,train,redacted/deepfashion_with_masks_balanced_10_20/p_4e921c081b70_04.jpg,dress_jumpsuit,midi_dress,casual,casual,classic|romantic,unknown,single_layer,unknown,unknown,unknown,solid,style_dress_jumpsuit|midi_dress|casual|unknown|unknown|classic+romantic
auto_style_002474,needs_review,0.66,color_mood_unknown|fit_unknown|silhouette_unknown|color_family_unknown,p_454b75dea71e,p_454b75dea71e_07,train,redacted/deepfashion_with_masks_balanced_10_20/p_454b75dea71e_07.jpg,top,hoodie,casual,casual,casual_basic|streetwear,unknown,single_layer,unknown,unknown,unknown,solid,style_top|hoodie|casual|unknown|unknown|casual_basic+streetwear
auto_style_002478,needs_review,0.69,color_mood_unknown|fit_unknown|silhouette_unknown|color_family_unknown,p_374c2d079092,p_374c2d079092_04,train,redacted/deepfashion_with_masks_balanced_10_20/p_374c2d079092_04.jpg,top,tank,casual,casual,casual_basic,unknown,single_layer,unknown,unknown,unknown,solid,style_top|tank|casual|unknown|unknown|casual_basic
auto_style_002490,needs_review,0.69,color_mood_unknown|fit_unknown|silhouette_unknown|color_family_unknown,p_c010af0ada5f,p_c010af0ada5f_02,train,redacted/deepfashion_with_masks_balanced_10_20/p_c010af0ada5f_02.jpg,top,tank,casual,casual,casual_basic,unknown,single_layer,unknown,unknown,unknown,stripe,style_top|tank|casual|unknown|unknown|casual_basic
auto_style_002491,needs_review,0.69,color_mood_unknown|fit_unknown|silhouette_unknown|color_family_unknown,p_bf039839b525,p_bf039839b525_06,train,redacted/deepfashion_with_masks_balanced_10_20/p_bf039839b525_06.jpg,top,sweater,casual,casual,casual_basic|soft,unknown,single_layer,unknown,unknown,unknown,solid,style_top|sweater|casual|unknown|unknown|casual_basic+soft
auto_style_002496,needs_review,0.69,color_mood_unknown|fit_unknown|silhouette_unknown|color_family_unknown,p_313db47e4f92,p_313db47e4f92_04,train,redacted/deepfashion_with_masks_balanced_10_20/p_313db47e4f92_04.jpg,top,sweater,casual,casual,casual_basic|soft,unknown,single_layer,unknown,unknown,unknown,stripe,style_top|sweater|casual|unknown|unknown|casual_basic+soft
auto_style_002497,needs_review,0.69,color_mood_unknown|fit_unknown|silhouette_unknown|color_family_unknown,p_44ca0dc442d7,p_44ca0dc442d7_05,train,redacted/deepfashion_with_masks_balanced_10_20/p_44ca0dc442d7_05.jpg,top,sweater,casual,casual,casual_basic|soft,unknown,single_layer,unknown,unknown,unknown,solid,style_top|sweater|casual|unknown|unknown|casual_basic+soft
auto_style_002518,needs_review,0.69,color_mood_unknown|fit_unknown|silhouette_unknown|color_family_unknown,p_cc423ec2b108,p_cc423ec2b108_07,train,redacted/deepfashion_with_masks_balanced_10_20/p_cc423ec2b108_07.jpg,top,tank,casual,casual,casual_basic,unknown,single_layer,unknown,unknown,unknown,solid,style_top|tank|casual|unknown|unknown|casual_basic
auto_style_002519,needs_review,0.69,color_mood_unknown|fit_unknown|silhouette_unknown|color_family_unknown,p_dc1124d71733,p_dc1124d71733_07,train,redacted/deepfashion_with_masks_balanced_10_20/p_dc1124d71733_07.jpg,top,tank,casual,casual,casual_basic,unknown,single_layer,unknown,unknown,unknown,stripe,style_top|tank|casual|unknown|unknown|casual_basic
auto_style_002526,needs_review,0.69,color_mood_unknown|fit_unknown|silhouette_unknown|color_family_unknown,p_70472ce8e716,p_70472ce8e716_07,train,redacted/deepfashion_with_masks_balanced_10_20/p_70472ce8e716_07.jpg,top,tank,casual,casual,casual_basic,unknown,single_layer,unknown,unknown,unknown,solid,style_top|tank|casual|unknown|unknown|casual_basic
auto_style_002528,needs_review,0.69,color_mood_unknown|fit_unknown|silhouette_unknown|color_family_unknown,p_b2fd9fe79203,p_b2fd9fe79203_02,train,redacted/deepfashion_with_masks_balanced_10_20/p_b2fd9fe79203_02.jpg,dress_jumpsuit,midi_dress,casual,casual,classic|romantic,unknown,single_layer,unknown,unknown,unknown,solid,style_dress_jumpsuit|midi_dress|casual|unknown|unknown|classic+romantic
auto_style_002533,needs_review,0.69,color_mood_unknown|fit_unknown|silhouette_unknown|color_family_unknown,p_9243d590d3da,p_9243d590d3da_06,train,redacted/deepfashion_with_masks_balanced_10_20/p_9243d590d3da_06.jpg,top,tank,casual,casual,casual_basic,unknown,single_layer,unknown,unknown,unknown,solid,style_top|tank|casual|unknown|unknown|casual_basic
auto_style_002540,needs_review,0.69,color_mood_unknown|fit_unknown|silhouette_unknown|color_family_unknown,p_18d64ba2ff31,p_18d64ba2ff31_03,train,redacted/deepfashion_with_masks_balanced_10_20/p_18d64ba2ff31_03.jpg,top,sweater,casual,casual,casual_basic|soft,unknown,single_layer,unknown,unknown,unknown,stripe,style_top|sweater|casual|unknown|unknown|casual_basic+soft
auto_style_002542,needs_review,0.69,color_mood_unknown|fit_unknown|silhouette_unknown|color_family_unknown,p_cd235380485b,p_cd235380485b_05,train,redacted/deepfashion_with_masks_balanced_10_20/p_cd235380485b_05.jpg,top,tank,casual,casual,casual_basic,unknown,single_layer,unknown,unknown,unknown,stripe,style_top|tank|casual|unknown|unknown|casual_basic
auto_style_002550,needs_review,0.69,color_mood_unknown|fit_unknown|silhouette_unknown|color_family_unknown,p_45476f7325fd,p_45476f7325fd_04,train,redacted/deepfashion_with_masks_balanced_10_20/p_45476f7325fd_04.jpg,top,tank,casual,casual,casual_basic,unknown,single_layer,unknown,unknown,unknown,stripe,style_top|tank|casual|unknown|unknown|casual_basic
auto_style_002552,needs_review,0.69,color_mood_unknown|fit_unknown|silhouette_unknown|color_family_unknown,p_f09f91955808,p_f09f91955808_04,train,redacted/deepfashion_with_masks_balanced_10_20/p_f09f91955808_04.jpg,top,tank,casual,casual,casual_basic,unknown,single_layer,unknown,unknown,unknown,solid,style_top|tank|casual|unknown|unknown|casual_basic
auto_style_002558,needs_review,0.69,color_mood_unknown|fit_unknown|silhouette_unknown|color_family_unknown,p_2a4f88be6138,p_2a4f88be6138_07,train,redacted/deepfashion_with_masks_balanced_10_20/p_2a4f88be6138_07.jpg,dress_jumpsuit,midi_dress,casual,casual,classic|romantic,unknown,single_layer,unknown,unknown,unknown,stripe,style_dress_jumpsuit|midi_dress|casual|unknown|unknown|classic+romantic
auto_style_002582,needs_review,0.69,color_mood_unknown|fit_unknown|silhouette_unknown|color_family_unknown,p_f543eadbbd71,p_f543eadbbd71_06,train,redacted/deepfashion_with_masks_balanced_10_20/p_f543eadbbd71_06.jpg,top,tank,casual,casual,casual_basic,unknown,single_layer,unknown,unknown,unknown,solid,style_top|tank|casual|unknown|unknown|casual_basic
auto_style_002584,needs_review,0.69,color_mood_unknown|fit_unknown|silhouette_unknown|color_family_unknown,p_bf039839b525,p_bf039839b525_07,train,redacted/deepfashion_with_masks_balanced_10_20/p_bf039839b525_07.jpg,top,sweater,casual,casual,casual_basic|soft,unknown,single_layer,unknown,unknown,unknown,solid,style_top|sweater|casual|unknown|unknown|casual_basic+soft
auto_style_002589,needs_review,0.66,color_mood_unknown|fit_unknown|silhouette_unknown|color_family_unknown,p_dacb5c4669f8,p_dacb5c4669f8_03,train,redacted/deepfashion_with_masks_balanced_10_20/p_dacb5c4669f8_03.jpg,outerwear,denim_jacket,casual,casual,casual_basic,unknown,light_layering,unknown,unknown,unknown,plaid,style_outerwear|denim_jacket|casual|unknown|unknown|casual_basic
auto_style_002590,needs_review,0.69,color_mood_unknown|fit_unknown|silhouette_unknown|color_family_unknown,p_dc1124d71733,p_dc1124d71733_08,train,redacted/deepfashion_with_masks_balanced_10_20/p_dc1124d71733_08.jpg,top,tank,casual,casual,casual_basic,unknown,single_layer,unknown,unknown,unknown,stripe,style_top|tank|casual|unknown|unknown|casual_basic
auto_style_002592,needs_review,0.69,color_mood_unknown|fit_unknown|silhouette_unknown|color_family_unknown,p_94fbe0eebea3,p_94fbe0eebea3_04,train,redacted/deepfashion_with_masks_balanced_10_20/p_94fbe0eebea3_04.jpg,top,tank,casual,casual,casual_basic,unknown,single_layer,unknown,unknown,unknown,solid,style_top|tank|casual|unknown|unknown|casual_basic
auto_style_002595,needs_review,0.69,color_mood_unknown|fit_unknown|silhouette_unknown|color_family_unknown,p_9916df2da975,p_9916df2da975_08,train,redacted/deepfashion_with_masks_balanced_10_20/p_9916df2da975_08.jpg,top,tank,casual,casual,casual_basic,unknown,single_layer,unknown,unknown,unknown,solid,style_top|tank|casual|unknown|unknown|casual_basic
auto_style_002596,needs_review,0.69,color_mood_unknown|fit_unknown|silhouette_unknown|color_family_unknown,p_3c08aacbff96,p_3c08aacbff96_11,train,redacted/deepfashion_with_masks_balanced_10_20/p_3c08aacbff96_11.jpg,top,tank,casual,casual,casual_basic,unknown,single_layer,unknown,unknown,unknown,solid,style_top|tank|casual|unknown|unknown|casual_basic
auto_style_002605,needs_review,0.69,color_mood_unknown|fit_unknown|silhouette_unknown|color_family_unknown,p_efe4c30f7ae2,p_efe4c30f7ae2_03,train,redacted/deepfashion_with_masks_balanced_10_20/p_efe4c30f7ae2_03.jpg,dress_jumpsuit,midi_dress,casual,casual,classic|romantic,unknown,single_layer,unknown,unknown,unknown,solid,style_dress_jumpsuit|midi_dress|casual|unknown|unknown|classic+romantic
auto_style_002622,needs_review,0.69,color_mood_unknown|fit_unknown|silhouette_unknown|color_family_unknown,p_ed5e94f8c2f5,p_ed5e94f8c2f5_06,train,redacted/deepfashion_with_masks_balanced_10_20/p_ed5e94f8c2f5_06.jpg,top,tank,casual,casual,casual_basic,unknown,single_layer,unknown,unknown,unknown,solid,style_top|tank|casual|unknown|unknown|casual_basic
auto_style_002629,needs_review,0.69,color_mood_unknown|fit_unknown|silhouette_unknown|color_family_unknown,p_374c2d079092,p_374c2d079092_05,train,redacted/deepfashion_with_masks_balanced_10_20/p_374c2d079092_05.jpg,top,tank,casual,casual,casual_basic,unknown,single_layer,unknown,unknown,unknown,solid,style_top|tank|casual|unknown|unknown|casual_basic
auto_style_002632,needs_review,0.66,color_mood_unknown|fit_unknown|silhouette_unknown|color_family_unknown,p_dacb5c4669f8,p_dacb5c4669f8_04,train,redacted/deepfashion_with_masks_balanced_10_20/p_dacb5c4669f8_04.jpg,outerwear,denim_jacket,casual,casual,casual_basic,unknown,light_layering,unknown,unknown,unknown,plaid,style_outerwear|denim_jacket|casual|unknown|unknown|casual_basic
auto_style_002635,needs_review,0.69,color_mood_unknown|fit_unknown|silhouette_unknown|color_family_unknown,p_0f4d1f6ab72b,p_0f4d1f6ab72b_06,train,redacted/deepfashion_with_masks_balanced_10_20/p_0f4d1f6ab72b_06.jpg,dress_jumpsuit,midi_dress,casual,casual,classic|romantic,unknown,single_layer,unknown,unknown,unknown,solid,style_dress_jumpsuit|midi_dress|casual|unknown|unknown|classic+romantic
auto_style_002648,needs_review,0.69,color_mood_unknown|fit_unknown|silhouette_unknown|color_family_unknown,p_f543eadbbd71,p_f543eadbbd71_07,train,redacted/deepfashion_with_masks_balanced_10_20/p_f543eadbbd71_07.jpg,top,tank,casual,casual,casual_basic,unknown,single_layer,unknown,unknown,unknown,solid,style_top|tank|casual|unknown|unknown|casual_basic
auto_style_002651,needs_review,0.69,color_mood_unknown|fit_unknown|silhouette_unknown|color_family_unknown,p_144f85e66d32,p_144f85e66d32_07,train,redacted/deepfashion_with_masks_balanced_10_20/p_144f85e66d32_07.jpg,top,tank,casual,casual,casual_basic,unknown,single_layer,unknown,unknown,unknown,solid,style_top|tank|casual|unknown|unknown|casual_basic
auto_style_002675,needs_review,0.69,color_mood_unknown|fit_unknown|silhouette_unknown|color_family_unknown,p_03cc2a483eb8,p_03cc2a483eb8_07,train,redacted/deepfashion_with_masks_balanced_10_20/p_03cc2a483eb8_07.jpg,top,tank,casual,casual,casual_basic,unknown,single_layer,unknown,unknown,unknown,solid,style_top|tank|casual|unknown|unknown|casual_basic
auto_style_002676,needs_review,0.69,color_mood_unknown|fit_unknown|silhouette_unknown|color_family_unknown,p_42fb33dca4f2,p_42fb33dca4f2_06,train,redacted/deepfashion_with_masks_balanced_10_20/p_42fb33dca4f2_06.jpg,top,tank,casual,casual,casual_basic,unknown,single_layer,unknown,unknown,unknown,stripe,style_top|tank|casual|unknown|unknown|casual_basic
auto_style_002700,needs_review,0.69,color_mood_unknown|fit_unknown|silhouette_unknown|color_family_unknown,p_fc9e7a528b4c,p_fc9e7a528b4c_06,train,redacted/deepfashion_with_masks_balanced_10_20/p_fc9e7a528b4c_06.jpg,top,tank,casual,casual,casual_basic,unknown,single_layer,unknown,unknown,unknown,stripe,style_top|tank|casual|unknown|unknown|casual_basic
auto_style_002717,needs_review,0.69,color_mood_unknown|fit_unknown|silhouette_unknown|color_family_unknown,p_c4dec0d9eff4,p_c4dec0d9eff4_02,train,redacted/deepfashion_with_masks_balanced_10_20/p_c4dec0d9eff4_02.jpg,dress_jumpsuit,midi_dress,casual,casual,classic|romantic,unknown,single_layer,unknown,unknown,unknown,solid,style_dress_jumpsuit|midi_dress|casual|unknown|unknown|classic+romantic
auto_style_002723,needs_review,0.69,color_mood_unknown|fit_unknown|silhouette_unknown|color_family_unknown,p_c010af0ada5f,p_c010af0ada5f_03,train,redacted/deepfashion_with_masks_balanced_10_20/p_c010af0ada5f_03.jpg,top,tank,casual,casual,casual_basic,unknown,single_layer,unknown,unknown,unknown,stripe,style_top|tank|casual|unknown|unknown|casual_basic
auto_style_002742,needs_review,0.69,color_mood_unknown|fit_unknown|silhouette_unknown|color_family_unknown,p_7addef2bbfae,p_7addef2bbfae_08,train,redacted/deepfashion_with_masks_balanced_10_20/p_7addef2bbfae_08.jpg,top,blouse,casual,casual,classic|minimal,unknown,single_layer,unknown,unknown,unknown,solid,style_top|blouse|casual|unknown|unknown|classic+minimal
auto_style_002750,needs_review,0.69,color_mood_unknown|fit_unknown|silhouette_unknown|color_family_unknown,p_b14e071f7c80,p_b14e071f7c80_03,train,redacted/deepfashion_with_masks_balanced_10_20/p_b14e071f7c80_03.jpg,top,sweater,casual,casual,casual_basic|soft,unknown,single_layer,unknown,unknown,unknown,solid,style_top|sweater|casual|unknown|unknown|casual_basic+soft
auto_style_002759,needs_review,0.69,color_mood_unknown|fit_unknown|silhouette_unknown|color_family_unknown,p_9243d590d3da,p_9243d590d3da_07,train,redacted/deepfashion_with_masks_balanced_10_20/p_9243d590d3da_07.jpg,top,tank,casual,casual,casual_basic,unknown,single_layer,unknown,unknown,unknown,solid,style_top|tank|casual|unknown|unknown|casual_basic
auto_style_002772,needs_review,0.69,color_mood_unknown|fit_unknown|silhouette_unknown|color_family_unknown,p_1e72b54c3582,p_1e72b54c3582_06,train,redacted/deepfashion_with_masks_balanced_10_20/p_1e72b54c3582_06.jpg,top,tank,casual,casual,casual_basic,unknown,single_layer,unknown,unknown,unknown,solid,style_top|tank|casual|unknown|unknown|casual_basic
auto_style_002780,needs_review,0.69,color_mood_unknown|fit_unknown|silhouette_unknown|color_family_unknown,p_973332bc1b8b,p_973332bc1b8b_12,train,redacted/deepfashion_with_masks_balanced_10_20/p_973332bc1b8b_12.jpg,top,tank,casual,casual,casual_basic,unknown,single_layer,unknown,unknown,unknown,solid,style_top|tank|casual|unknown|unknown|casual_basic
auto_style_002793,needs_review,0.69,color_mood_unknown|fit_unknown|silhouette_unknown|color_family_unknown,p_03cc2a483eb8,p_03cc2a483eb8_09,train,redacted/deepfashion_with_masks_balanced_10_20/p_03cc2a483eb8_09.jpg,top,tank,casual,casual,casual_basic,unknown,single_layer,unknown,unknown,unknown,solid,style_top|tank|casual|unknown|unknown|casual_basic
auto_style_002799,needs_review,0.66,color_mood_unknown|fit_unknown|silhouette_unknown|color_family_unknown,p_42c9ad368b3a,p_42c9ad368b3a_03,train,redacted/deepfashion_with_masks_balanced_10_20/p_42c9ad368b3a_03.jpg,top,cardigan,casual,casual,casual_basic|soft,unknown,light_layering,unknown,unknown,unknown,plaid,style_top|cardigan|casual|unknown|unknown|casual_basic+soft
auto_style_002801,needs_review,0.69,color_mood_unknown|fit_unknown|silhouette_unknown|color_family_unknown,p_cc73165c1cc7,p_cc73165c1cc7_05,train,redacted/deepfashion_with_masks_balanced_10_20/p_cc73165c1cc7_05.jpg,top,tank,casual,casual,casual_basic,unknown,single_layer,unknown,unknown,unknown,solid,style_top|tank|casual|unknown|unknown|casual_basic
auto_style_002802,needs_review,0.69,color_mood_unknown|fit_unknown|silhouette_unknown|color_family_unknown,p_44ca0dc442d7,p_44ca0dc442d7_06,train,redacted/deepfashion_with_masks_balanced_10_20/p_44ca0dc442d7_06.jpg,top,sweater,casual,casual,casual_basic|soft,unknown,single_layer,unknown,unknown,unknown,solid,style_top|sweater|casual|unknown|unknown|casual_basic+soft
auto_style_002807,needs_review,0.69,color_mood_unknown|fit_unknown|silhouette_unknown|color_family_unknown,p_b517bc0acd5f,p_b517bc0acd5f_04,train,redacted/deepfashion_with_masks_balanced_10_20/p_b517bc0acd5f_04.jpg,top,sweater,casual,casual,casual_basic|soft,unknown,single_layer,unknown,unknown,unknown,solid,style_top|sweater|casual|unknown|unknown|casual_basic+soft
auto_style_002809,needs_review,0.69,color_mood_unknown|fit_unknown|silhouette_unknown|color_family_unknown,p_6351621cc771,p_6351621cc771_05,train,redacted/deepfashion_with_masks_balanced_10_20/p_6351621cc771_05.jpg,top,tank,casual,casual,casual_basic,unknown,single_layer,unknown,unknown,unknown,solid,style_top|tank|casual|unknown|unknown|casual_basic
auto_style_002812,needs_review,0.66,color_mood_unknown|fit_unknown|silhouette_unknown|color_family_unknown,p_e3e16c8e51cb,p_e3e16c8e51cb_05,train,redacted/deepfashion_with_masks_balanced_10_20/p_e3e16c8e51cb_05.jpg,top,cardigan,casual,casual,casual_basic|soft,unknown,light_layering,unknown,unknown,unknown,solid,style_top|cardigan|casual|unknown|unknown|casual_basic+soft
auto_style_002819,needs_review,0.69,color_mood_unknown|fit_unknown|silhouette_unknown|color_family_unknown,p_45476f7325fd,p_45476f7325fd_05,train,redacted/deepfashion_with_masks_balanced_10_20/p_45476f7325fd_05.jpg,top,tank,casual,casual,casual_basic,unknown,single_layer,unknown,unknown,unknown,stripe,style_top|tank|casual|unknown|unknown|casual_basic
auto_style_002821,needs_review,0.69,color_mood_unknown|fit_unknown|silhouette_unknown|color_family_unknown,p_eedf91627507,p_eedf91627507_10,train,redacted/deepfashion_with_masks_balanced_10_20/p_eedf91627507_10.jpg,top,sweater,casual,casual,casual_basic|soft,unknown,single_layer,unknown,unknown,unknown,solid,style_top|sweater|casual|unknown|unknown|casual_basic+soft
auto_style_002839,needs_review,0.69,color_mood_unknown|fit_unknown|silhouette_unknown|color_family_unknown,p_65dd962d619a,p_65dd962d619a_06,train,redacted/deepfashion_with_masks_balanced_10_20/p_65dd962d619a_06.jpg,top,tank,casual,casual,casual_basic,unknown,single_layer,unknown,unknown,unknown,solid,style_top|tank|casual|unknown|unknown|casual_basic
auto_style_002851,needs_review,0.69,color_mood_unknown|fit_unknown|silhouette_unknown|color_family_unknown,p_c4cc87e06998,p_c4cc87e06998_05,train,redacted/deepfashion_with_masks_balanced_10_20/p_c4cc87e06998_05.jpg,top,sweater,casual,casual,casual_basic|soft,unknown,single_layer,unknown,unknown,unknown,solid,style_top|sweater|casual|unknown|unknown|casual_basic+soft
auto_style_002858,needs_review,0.69,color_mood_unknown|fit_unknown|silhouette_unknown|color_family_unknown,p_c2a7c8940e3b,p_c2a7c8940e3b_07,train,redacted/deepfashion_with_masks_balanced_10_20/p_c2a7c8940e3b_07.jpg,top,sweater,casual,casual,casual_basic|soft,unknown,single_layer,unknown,unknown,unknown,solid,style_top|sweater|casual|unknown|unknown|casual_basic+soft
auto_style_002859,needs_review,0.69,color_mood_unknown|fit_unknown|silhouette_unknown|color_family_unknown,p_cc73165c1cc7,p_cc73165c1cc7_06,train,redacted/deepfashion_with_masks_balanced_10_20/p_cc73165c1cc7_06.jpg,top,tank,casual,casual,casual_basic,unknown,single_layer,unknown,unknown,unknown,solid,style_top|tank|casual|unknown|unknown|casual_basic
auto_style_002864,needs_review,0.69,color_mood_unknown|fit_unknown|silhouette_unknown|color_family_unknown,p_94fbe0eebea3,p_94fbe0eebea3_05,train,redacted/deepfashion_with_masks_balanced_10_20/p_94fbe0eebea3_05.jpg,top,tank,casual,casual,casual_basic,unknown,single_layer,unknown,unknown,unknown,solid,style_top|tank|casual|unknown|unknown|casual_basic
auto_style_002888,needs_review,0.69,color_mood_unknown|fit_unknown|silhouette_unknown|color_family_unknown,p_9e3ce1caae7c,p_9e3ce1caae7c_08,train,redacted/deepfashion_with_masks_balanced_10_20/p_9e3ce1caae7c_08.jpg,top,sweater,casual,casual,casual_basic|soft,unknown,single_layer,unknown,unknown,unknown,solid,style_top|sweater|casual|unknown|unknown|casual_basic+soft
auto_style_002891,needs_review,0.69,color_mood_unknown|fit_unknown|silhouette_unknown|color_family_unknown,p_9916df2da975,p_9916df2da975_09,train,redacted/deepfashion_with_masks_balanced_10_20/p_9916df2da975_09.jpg,top,tank,casual,casual,casual_basic,unknown,single_layer,unknown,unknown,unknown,stripe,style_top|tank|casual|unknown|unknown|casual_basic
auto_style_002894,needs_review,0.69,color_mood_unknown|fit_unknown|silhouette_unknown|color_family_unknown,p_f7e9a4e8becc,p_f7e9a4e8becc_08,train,redacted/deepfashion_with_masks_balanced_10_20/p_f7e9a4e8becc_08.jpg,top,tank,casual,casual,casual_basic,unknown,single_layer,unknown,unknown,unknown,solid,style_top|tank|casual|unknown|unknown|casual_basic
auto_style_002904,needs_review,0.69,color_mood_unknown|fit_unknown|silhouette_unknown|color_family_unknown,p_3c6c5f66e44f,p_3c6c5f66e44f_11,train,redacted/deepfashion_with_masks_balanced_10_20/p_3c6c5f66e44f_11.jpg,top,sweater,casual,casual,casual_basic|soft,unknown,single_layer,unknown,unknown,unknown,solid,style_top|sweater|casual|unknown|unknown|casual_basic+soft
auto_style_002911,needs_review,0.69,color_mood_unknown|fit_unknown|silhouette_unknown|color_family_unknown,p_1c3016da215c,p_1c3016da215c_08,train,redacted/deepfashion_with_masks_balanced_10_20/p_1c3016da215c_08.jpg,top,sweater,casual,casual,casual_basic|soft,unknown,single_layer,unknown,unknown,unknown,solid,style_top|sweater|casual|unknown|unknown|casual_basic+soft
auto_style_002914,needs_review,0.69,color_mood_unknown|fit_unknown|silhouette_unknown|color_family_unknown,p_0b69db84f415,p_0b69db84f415_10,train,redacted/deepfashion_with_masks_balanced_10_20/p_0b69db84f415_10.jpg,top,tank,casual,casual,casual_basic,unknown,single_layer,unknown,unknown,unknown,solid,style_top|tank|casual|unknown|unknown|casual_basic
auto_style_002915,needs_review,0.69,color_mood_unknown|fit_unknown|silhouette_unknown|color_family_unknown,p_9916df2da975,p_9916df2da975_10,train,redacted/deepfashion_with_masks_balanced_10_20/p_9916df2da975_10.jpg,top,tank,casual,casual,casual_basic,unknown,single_layer,unknown,unknown,unknown,solid,style_top|tank|casual|unknown|unknown|casual_basic
auto_style_002917,needs_review,0.69,color_mood_unknown|fit_unknown|silhouette_unknown|color_family_unknown,p_ab07fc27f838,p_ab07fc27f838_05,train,redacted/deepfashion_with_masks_balanced_10_20/p_ab07fc27f838_05.jpg,top,sweater,casual,casual,casual_basic|soft,unknown,single_layer,unknown,unknown,unknown,solid,style_top|sweater|casual|unknown|unknown|casual_basic+soft
auto_style_002929,needs_review,0.69,color_mood_unknown|fit_unknown|silhouette_unknown|color_family_unknown,p_18d64ba2ff31,p_18d64ba2ff31_04,train,redacted/deepfashion_with_masks_balanced_10_20/p_18d64ba2ff31_04.jpg,top,sweater,casual,casual,casual_basic|soft,unknown,single_layer,unknown,unknown,unknown,stripe,style_top|sweater|casual|unknown|unknown|casual_basic+soft
auto_style_002935,needs_review,0.69,color_mood_unknown|fit_unknown|silhouette_unknown|color_family_unknown,p_ce84314e28f5,p_ce84314e28f5_07,train,redacted/deepfashion_with_masks_balanced_10_20/p_ce84314e28f5_07.jpg,top,tank,casual,casual,casual_basic,unknown,single_layer,unknown,unknown,unknown,solid,style_top|tank|casual|unknown|unknown|casual_basic
auto_style_002949,needs_review,0.69,color_mood_unknown|fit_unknown|silhouette_unknown|color_family_unknown,p_f09f91955808,p_f09f91955808_05,train,redacted/deepfashion_with_masks_balanced_10_20/p_f09f91955808_05.jpg,top,tank,casual,casual,casual_basic,unknown,single_layer,unknown,unknown,unknown,solid,style_top|tank|casual|unknown|unknown|casual_basic
auto_style_002975,needs_review,0.69,color_mood_unknown|fit_unknown|silhouette_unknown|color_family_unknown,p_ad0d2c104e0b,p_ad0d2c104e0b_08,train,redacted/deepfashion_with_masks_balanced_10_20/p_ad0d2c104e0b_08.jpg,top,tank,casual,casual,casual_basic,unknown,single_layer,unknown,unknown,unknown,solid,style_top|tank|casual|unknown|unknown|casual_basic
auto_style_002998,needs_review,0.66,color_mood_unknown|fit_unknown|silhouette_unknown|color_family_unknown,p_dacb5c4669f8,p_dacb5c4669f8_05,train,redacted/deepfashion_with_masks_balanced_10_20/p_dacb5c4669f8_05.jpg,outerwear,denim_jacket,casual,casual,casual_basic,unknown,light_layering,unknown,unknown,unknown,plaid,style_outerwear|denim_jacket|casual|unknown|unknown|casual_basic
auto_style_003008,needs_review,0.69,color_mood_unknown|fit_unknown|silhouette_unknown|color_family_unknown,p_b1909b077f20,p_b1909b077f20_09,train,redacted/deepfashion_with_masks_balanced_10_20/p_b1909b077f20_09.jpg,top,sweater,casual,casual,casual_basic|soft,unknown,single_layer,unknown,unknown,unknown,solid,style_top|sweater|casual|unknown|unknown|casual_basic+soft
auto_style_003010,needs_review,0.69,color_mood_unknown|fit_unknown|silhouette_unknown|color_family_unknown,p_3f2ea5501dc8,p_3f2ea5501dc8_08,train,redacted/deepfashion_with_masks_balanced_10_20/p_3f2ea5501dc8_08.jpg,top,tank,casual,casual,casual_basic,unknown,single_layer,unknown,unknown,unknown,solid,style_top|tank|casual|unknown|unknown|casual_basic
auto_style_003027,needs_review,0.69,color_mood_unknown|fit_unknown|silhouette_unknown|color_family_unknown,p_1c3016da215c,p_1c3016da215c_09,train,redacted/deepfashion_with_masks_balanced_10_20/p_1c3016da215c_09.jpg,top,sweater,casual,casual,casual_basic|soft,unknown,single_layer,unknown,unknown,unknown,solid,style_top|sweater|casual|unknown|unknown|casual_basic+soft
auto_style_003041,needs_review,0.69,color_mood_unknown|fit_unknown|silhouette_unknown|color_family_unknown,p_b1592779465c,p_b1592779465c_12,train,redacted/deepfashion_with_masks_balanced_10_20/p_b1592779465c_12.jpg,top,tank,casual,casual,casual_basic,unknown,single_layer,unknown,unknown,unknown,solid,style_top|tank|casual|unknown|unknown|casual_basic
auto_style_003057,needs_review,0.69,color_mood_unknown|fit_unknown|silhouette_unknown|color_family_unknown,p_7dd5f13e9cd9,p_7dd5f13e9cd9_04,train,redacted/deepfashion_with_masks_balanced_10_20/p_7dd5f13e9cd9_04.jpg,top,tank,casual,casual,casual_basic,unknown,single_layer,unknown,unknown,unknown,stripe,style_top|tank|casual|unknown|unknown|casual_basic
auto_style_003069,needs_review,0.66,color_mood_unknown|fit_unknown|silhouette_unknown|color_family_unknown,p_5cbdd849c636,p_5cbdd849c636_04,train,redacted/deepfashion_with_masks_balanced_10_20/p_5cbdd849c636_04.jpg,top,hoodie,casual,casual,casual_basic|streetwear,unknown,single_layer,unknown,unknown,unknown,stripe,style_top|hoodie|casual|unknown|unknown|casual_basic+streetwear
auto_style_003077,needs_review,0.69,color_mood_unknown|fit_unknown|silhouette_unknown|color_family_unknown,p_98e999fe2f3a,p_98e999fe2f3a_04,train,redacted/deepfashion_with_masks_balanced_10_20/p_98e999fe2f3a_04.jpg,top,sweater,casual,casual,casual_basic|soft,unknown,single_layer,unknown,unknown,unknown,solid,style_top|sweater|casual|unknown|unknown|casual_basic+soft
auto_style_003092,needs_review,0.69,color_mood_unknown|fit_unknown|silhouette_unknown|color_family_unknown,p_98e999fe2f3a,p_98e999fe2f3a_05,train,redacted/deepfashion_with_masks_balanced_10_20/p_98e999fe2f3a_05.jpg,top,sweater,casual,casual,casual_basic|soft,unknown,single_layer,unknown,unknown,unknown,solid,style_top|sweater|casual|unknown|unknown|casual_basic+soft
auto_style_003103,needs_review,0.69,color_mood_unknown|fit_unknown|silhouette_unknown|color_family_unknown,p_207a19789a31,p_207a19789a31_08,train,redacted/deepfashion_with_masks_balanced_10_20/p_207a19789a31_08.jpg,top,tank,casual,casual,casual_basic,unknown,single_layer,unknown,unknown,unknown,plaid,style_top|tank|casual|unknown|unknown|casual_basic
auto_style_003105,needs_review,0.69,color_mood_unknown|fit_unknown|silhouette_unknown|color_family_unknown,p_97f1078ae3b7,p_97f1078ae3b7_09,train,redacted/deepfashion_with_masks_balanced_10_20/p_97f1078ae3b7_09.jpg,dress_jumpsuit,midi_dress,casual,casual,classic|romantic,unknown,single_layer,unknown,unknown,unknown,solid,style_dress_jumpsuit|midi_dress|casual|unknown|unknown|classic+romantic
auto_style_003112,needs_review,0.69,color_mood_unknown|fit_unknown|silhouette_unknown|color_family_unknown,p_44ca0dc442d7,p_44ca0dc442d7_08,train,redacted/deepfashion_with_masks_balanced_10_20/p_44ca0dc442d7_08.jpg,top,sweater,casual,casual,casual_basic|soft,unknown,single_layer,unknown,unknown,unknown,solid,style_top|sweater|casual|unknown|unknown|casual_basic+soft
auto_style_003127,needs_review,0.69,color_mood_unknown|fit_unknown|silhouette_unknown|color_family_unknown,p_e25d6c2c9a17,p_e25d6c2c9a17_14,train,redacted/deepfashion_with_masks_balanced_10_20/p_e25d6c2c9a17_14.jpg,top,tank,casual,casual,casual_basic,unknown,single_layer,unknown,unknown,unknown,solid,style_top|tank|casual|unknown|unknown|casual_basic
auto_style_003130,needs_review,0.69,color_mood_unknown|fit_unknown|silhouette_unknown|color_family_unknown,p_7d1de64532ed,p_7d1de64532ed_07,train,redacted/deepfashion_with_masks_balanced_10_20/p_7d1de64532ed_07.jpg,top,tank,casual,casual,casual_basic,unknown,single_layer,unknown,unknown,unknown,solid,style_top|tank|casual|unknown|unknown|casual_basic
auto_style_003140,needs_review,0.69,color_mood_unknown|fit_unknown|silhouette_unknown|color_family_unknown,p_9916df2da975,p_9916df2da975_12,train,redacted/deepfashion_with_masks_balanced_10_20/p_9916df2da975_12.jpg,top,tank,casual,casual,casual_basic,unknown,single_layer,unknown,unknown,unknown,stripe,style_top|tank|casual|unknown|unknown|casual_basic
auto_style_003142,needs_review,0.69,color_mood_unknown|fit_unknown|silhouette_unknown|color_family_unknown,p_50d3936aa886,p_50d3936aa886_07,train,redacted/deepfashion_with_masks_balanced_10_20/p_50d3936aa886_07.jpg,top,blouse,casual,casual,classic|minimal,unknown,single_layer,unknown,unknown,unknown,solid,style_top|blouse|casual|unknown|unknown|classic+minimal
auto_style_003151,needs_review,0.69,color_mood_unknown|fit_unknown|silhouette_unknown|color_family_unknown,p_cd235380485b,p_cd235380485b_06,train,redacted/deepfashion_with_masks_balanced_10_20/p_cd235380485b_06.jpg,top,tank,casual,casual,casual_basic,unknown,single_layer,unknown,unknown,unknown,stripe,style_top|tank|casual|unknown|unknown|casual_basic
auto_style_003180,needs_review,0.69,color_mood_unknown|fit_unknown|silhouette_unknown|color_family_unknown,p_5e2e762e7ba4,p_5e2e762e7ba4_04,train,redacted/deepfashion_with_masks_balanced_10_20/p_5e2e762e7ba4_04.jpg,top,tank,casual,casual,casual_basic,unknown,single_layer,unknown,unknown,unknown,stripe,style_top|tank|casual|unknown|unknown|casual_basic
auto_style_003190,needs_review,0.69,color_mood_unknown|fit_unknown|silhouette_unknown|color_family_unknown,p_efe4c30f7ae2,p_efe4c30f7ae2_05,train,redacted/deepfashion_with_masks_balanced_10_20/p_efe4c30f7ae2_05.jpg,dress_jumpsuit,midi_dress,casual,casual,classic|romantic,unknown,single_layer,unknown,unknown,unknown,solid,style_dress_jumpsuit|midi_dress|casual|unknown|unknown|classic+romantic
auto_style_003191,needs_review,0.69,color_mood_unknown|fit_unknown|silhouette_unknown|color_family_unknown,p_d513a228f240,p_d513a228f240_05,train,redacted/deepfashion_with_masks_balanced_10_20/p_d513a228f240_05.jpg,top,sweater,casual,casual,casual_basic|soft,unknown,single_layer,unknown,unknown,unknown,plaid,style_top|sweater|casual|unknown|unknown|casual_basic+soft
auto_style_003193,needs_review,0.69,color_mood_unknown|fit_unknown|silhouette_unknown|color_family_unknown,p_63ec698883b8,p_63ec698883b8_05,train,redacted/deepfashion_with_masks_balanced_10_20/p_63ec698883b8_05.jpg,dress_jumpsuit,midi_dress,casual,casual,classic|romantic,unknown,single_layer,unknown,unknown,unknown,stripe,style_dress_jumpsuit|midi_dress|casual|unknown|unknown|classic+romantic
auto_style_003207,needs_review,0.69,color_mood_unknown|fit_unknown|silhouette_unknown|color_family_unknown,p_01e1c63d996e,p_01e1c63d996e_04,train,redacted/deepfashion_with_masks_balanced_10_20/p_01e1c63d996e_04.jpg,top,tank,casual,casual,casual_basic,unknown,single_layer,unknown,unknown,unknown,stripe,style_top|tank|casual|unknown|unknown|casual_basic
auto_style_003208,needs_review,0.69,color_mood_unknown|fit_unknown|silhouette_unknown|color_family_unknown,p_44ca0dc442d7,p_44ca0dc442d7_09,train,redacted/deepfashion_with_masks_balanced_10_20/p_44ca0dc442d7_09.jpg,top,sweater,casual,casual,casual_basic|soft,unknown,single_layer,unknown,unknown,unknown,solid,style_top|sweater|casual|unknown|unknown|casual_basic+soft
auto_style_003218,needs_review,0.69,color_mood_unknown|fit_unknown|silhouette_unknown|color_family_unknown,p_44d4ce236cf5,p_44d4ce236cf5_06,train,redacted/deepfashion_with_masks_balanced_10_20/p_44d4ce236cf5_06.jpg,dress_jumpsuit,midi_dress,casual,casual,classic|romantic,unknown,single_layer,unknown,unknown,unknown,stripe,style_dress_jumpsuit|midi_dress|casual|unknown|unknown|classic+romantic
auto_style_003234,needs_review,0.69,color_mood_unknown|fit_unknown|silhouette_unknown|color_family_unknown,p_7dd5f13e9cd9,p_7dd5f13e9cd9_05,train,redacted/deepfashion_with_masks_balanced_10_20/p_7dd5f13e9cd9_05.jpg,top,tank,casual,casual,casual_basic,unknown,single_layer,unknown,unknown,unknown,stripe,style_top|tank|casual|unknown|unknown|casual_basic
auto_style_003236,needs_review,0.69,color_mood_unknown|fit_unknown|silhouette_unknown|color_family_unknown,p_5e2e762e7ba4,p_5e2e762e7ba4_05,train,redacted/deepfashion_with_masks_balanced_10_20/p_5e2e762e7ba4_05.jpg,top,tank,casual,casual,casual_basic,unknown,single_layer,unknown,unknown,unknown,stripe,style_top|tank|casual|unknown|unknown|casual_basic
auto_style_003238,needs_review,0.66,color_mood_unknown|fit_unknown|silhouette_unknown|color_family_unknown,p_31785ad1d0ad,p_31785ad1d0ad_02,train,redacted/deepfashion_with_masks_balanced_10_20/p_31785ad1d0ad_02.jpg,dress_jumpsuit,romper,casual,casual,classic|romantic,unknown,single_layer,unknown,unknown,unknown,solid,style_dress_jumpsuit|romper|casual|unknown|unknown|classic+romantic
auto_style_003244,needs_review,0.66,color_mood_unknown|fit_unknown|silhouette_unknown|color_family_unknown,p_dacb5c4669f8,p_dacb5c4669f8_06,train,redacted/deepfashion_with_masks_balanced_10_20/p_dacb5c4669f8_06.jpg,outerwear,denim_jacket,casual,casual,casual_basic,unknown,light_layering,unknown,unknown,unknown,plaid,style_outerwear|denim_jacket|casual|unknown|unknown|casual_basic
auto_style_003269,needs_review,0.69,color_mood_unknown|fit_unknown|silhouette_unknown|color_family_unknown,p_b14e071f7c80,p_b14e071f7c80_04,train,redacted/deepfashion_with_masks_balanced_10_20/p_b14e071f7c80_04.jpg,top,sweater,casual,casual,casual_basic|soft,unknown,single_layer,unknown,unknown,unknown,solid,style_top|sweater|casual|unknown|unknown|casual_basic+soft
auto_style_003275,needs_review,0.69,color_mood_unknown|fit_unknown|silhouette_unknown|color_family_unknown,p_cd235380485b,p_cd235380485b_07,train,redacted/deepfashion_with_masks_balanced_10_20/p_cd235380485b_07.jpg,top,tank,casual,casual,casual_basic,unknown,single_layer,unknown,unknown,unknown,stripe,style_top|tank|casual|unknown|unknown|casual_basic
auto_style_003279,needs_review,0.66,color_mood_unknown|fit_unknown|silhouette_unknown|color_family_unknown,p_6f669d4006e8,p_6f669d4006e8_04,train,redacted/deepfashion_with_masks_balanced_10_20/p_6f669d4006e8_04.jpg,dress_jumpsuit,romper,casual,casual,classic|romantic,unknown,single_layer,unknown,unknown,unknown,solid,style_dress_jumpsuit|romper|casual|unknown|unknown|classic+romantic
auto_style_003284,needs_review,0.69,color_mood_unknown|fit_unknown|silhouette_unknown|color_family_unknown,p_fc9e7a528b4c,p_fc9e7a528b4c_07,train,redacted/deepfashion_with_masks_balanced_10_20/p_fc9e7a528b4c_07.jpg,top,tank,casual,casual,casual_basic,unknown,single_layer,unknown,unknown,unknown,stripe,style_top|tank|casual|unknown|unknown|casual_basic
auto_style_003290,needs_review,0.69,color_mood_unknown|fit_unknown|silhouette_unknown|color_family_unknown,p_2c5c290faef1,p_2c5c290faef1_11,train,redacted/deepfashion_with_masks_balanced_10_20/p_2c5c290faef1_11.jpg,top,tank,casual,casual,casual_basic,unknown,single_layer,unknown,unknown,unknown,solid,style_top|tank|casual|unknown|unknown|casual_basic
auto_style_003293,needs_review,0.69,color_mood_unknown|fit_unknown|silhouette_unknown|color_family_unknown,p_a3676820e44e,p_a3676820e44e_07,train,redacted/deepfashion_with_masks_balanced_10_20/p_a3676820e44e_07.jpg,dress_jumpsuit,midi_dress,casual,casual,classic|romantic,unknown,single_layer,unknown,unknown,unknown,solid,style_dress_jumpsuit|midi_dress|casual|unknown|unknown|classic+romantic
auto_style_003302,needs_review,0.66,color_mood_unknown|fit_unknown|silhouette_unknown|color_family_unknown,p_e3e16c8e51cb,p_e3e16c8e51cb_06,train,redacted/deepfashion_with_masks_balanced_10_20/p_e3e16c8e51cb_06.jpg,top,cardigan,casual,casual,casual_basic|soft,unknown,light_layering,unknown,unknown,unknown,solid,style_top|cardigan|casual|unknown|unknown|casual_basic+soft
auto_style_003310,needs_review,0.66,color_mood_unknown|fit_unknown|silhouette_unknown|color_family_unknown,p_97320b58d532,p_97320b58d532_04,train,redacted/deepfashion_with_masks_balanced_10_20/p_97320b58d532_04.jpg,top,cardigan,casual,casual,casual_basic|soft,unknown,light_layering,unknown,unknown,unknown,solid,style_top|cardigan|casual|unknown|unknown|casual_basic+soft
auto_style_003316,needs_review,0.69,color_mood_unknown|fit_unknown|silhouette_unknown|color_family_unknown,p_2a4f88be6138,p_2a4f88be6138_09,train,redacted/deepfashion_with_masks_balanced_10_20/p_2a4f88be6138_09.jpg,dress_jumpsuit,midi_dress,casual,casual,classic|romantic,unknown,single_layer,unknown,unknown,unknown,stripe,style_dress_jumpsuit|midi_dress|casual|unknown|unknown|classic+romantic
auto_style_003326,needs_review,0.69,color_mood_unknown|fit_unknown|silhouette_unknown|color_family_unknown,p_ac310cf4ee6e,p_ac310cf4ee6e_06,train,redacted/deepfashion_with_masks_balanced_10_20/p_ac310cf4ee6e_06.jpg,top,tank,casual,casual,casual_basic,unknown,single_layer,unknown,unknown,unknown,solid,style_top|tank|casual|unknown|unknown|casual_basic
auto_style_003329,needs_review,0.69,color_mood_unknown|fit_unknown|silhouette_unknown|color_family_unknown,p_5437c4377c7b,p_5437c4377c7b_08,train,redacted/deepfashion_with_masks_balanced_10_20/p_5437c4377c7b_08.jpg,top,tank,casual,casual,casual_basic,unknown,single_layer,unknown,unknown,unknown,stripe,style_top|tank|casual|unknown|unknown|casual_basic
auto_style_003332,needs_review,0.69,color_mood_unknown|fit_unknown|silhouette_unknown|color_family_unknown,p_ce84314e28f5,p_ce84314e28f5_09,train,redacted/deepfashion_with_masks_balanced_10_20/p_ce84314e28f5_09.jpg,top,tank,casual,casual,casual_basic,unknown,single_layer,unknown,unknown,unknown,solid,style_top|tank|casual|unknown|unknown|casual_basic
auto_style_003342,needs_review,0.66,color_mood_unknown|fit_unknown|silhouette_unknown|color_family_unknown,p_e586ac3a5344,p_e586ac3a5344_08,train,redacted/deepfashion_with_masks_balanced_10_20/p_e586ac3a5344_08.jpg,dress_jumpsuit,romper,casual,casual,classic|romantic,unknown,single_layer,unknown,unknown,unknown,solid,style_dress_jumpsuit|romper|casual|unknown|unknown|classic+romantic
auto_style_003347,needs_review,0.69,color_mood_unknown|fit_unknown|silhouette_unknown|color_family_unknown,p_74982965cd4b,p_74982965cd4b_06,train,redacted/deepfashion_with_masks_balanced_10_20/p_74982965cd4b_06.jpg,top,tank,casual,casual,casual_basic,unknown,single_layer,unknown,unknown,unknown,solid,style_top|tank|casual|unknown|unknown|casual_basic
auto_style_003350,needs_review,0.66,color_mood_unknown|fit_unknown|silhouette_unknown|color_family_unknown,p_da93dc243f2e,p_da93dc243f2e_05,train,redacted/deepfashion_with_masks_balanced_10_20/p_da93dc243f2e_05.jpg,top,cardigan,casual,casual,casual_basic|soft,unknown,light_layering,unknown,unknown,unknown,solid,style_top|cardigan|casual|unknown|unknown|casual_basic+soft
auto_style_003354,needs_review,0.69,color_mood_unknown|fit_unknown|silhouette_unknown|color_family_unknown,p_2c5c290faef1,p_2c5c290faef1_12,train,redacted/deepfashion_with_masks_balanced_10_20/p_2c5c290faef1_12.jpg,top,tank,casual,casual,casual_basic,unknown,single_layer,unknown,unknown,unknown,solid,style_top|tank|casual|unknown|unknown|casual_basic
auto_style_003364,needs_review,0.69,color_mood_unknown|fit_unknown|silhouette_unknown|color_family_unknown,p_3c6c5f66e44f,p_3c6c5f66e44f_14,train,redacted/deepfashion_with_masks_balanced_10_20/p_3c6c5f66e44f_14.jpg,top,sweater,casual,casual,casual_basic|soft,unknown,single_layer,unknown,unknown,unknown,solid,style_top|sweater|casual|unknown|unknown|casual_basic+soft
auto_style_003368,needs_review,0.69,color_mood_unknown|fit_unknown|silhouette_unknown|color_family_unknown,p_6e6799f782ec,p_6e6799f782ec_05,train,redacted/deepfashion_with_masks_balanced_10_20/p_6e6799f782ec_05.jpg,top,tank,casual,casual,casual_basic,unknown,single_layer,unknown,unknown,unknown,solid,style_top|tank|casual|unknown|unknown|casual_basic
auto_style_003379,needs_review,0.69,color_mood_unknown|fit_unknown|silhouette_unknown|color_family_unknown,p_71613caf6356,p_71613caf6356_08,train,redacted/deepfashion_with_masks_balanced_10_20/p_71613caf6356_08.jpg,top,tank,casual,casual,casual_basic,unknown,single_layer,unknown,unknown,unknown,solid,style_top|tank|casual|unknown|unknown|casual_basic
auto_style_003389,needs_review,0.69,color_mood_unknown|fit_unknown|silhouette_unknown|color_family_unknown,p_d7946699f638,p_d7946699f638_08,train,redacted/deepfashion_with_masks_balanced_10_20/p_d7946699f638_08.jpg,top,sweater,casual,casual,casual_basic|soft,unknown,single_layer,unknown,unknown,unknown,solid,style_top|sweater|casual|unknown|unknown|casual_basic+soft
auto_style_003396,needs_review,0.69,color_mood_unknown|fit_unknown|silhouette_unknown|color_family_unknown,p_7dd5f13e9cd9,p_7dd5f13e9cd9_06,train,redacted/deepfashion_with_masks_balanced_10_20/p_7dd5f13e9cd9_06.jpg,top,tank,casual,casual,casual_basic,unknown,single_layer,unknown,unknown,unknown,stripe,style_top|tank|casual|unknown|unknown|casual_basic
auto_style_003401,needs_review,0.69,color_mood_unknown|fit_unknown|silhouette_unknown|color_family_unknown,p_c010af0ada5f,p_c010af0ada5f_04,train,redacted/deepfashion_with_masks_balanced_10_20/p_c010af0ada5f_04.jpg,top,tank,casual,casual,casual_basic,unknown,single_layer,unknown,unknown,unknown,stripe,style_top|tank|casual|unknown|unknown|casual_basic
auto_style_003420,needs_review,0.69,color_mood_unknown|fit_unknown|silhouette_unknown|color_family_unknown,p_6eca6198a9b8,p_6eca6198a9b8_12,train,redacted/deepfashion_with_masks_balanced_10_20/p_6eca6198a9b8_12.jpg,top,sweater,casual,casual,casual_basic|soft,unknown,single_layer,unknown,unknown,unknown,solid,style_top|sweater|casual|unknown|unknown|casual_basic+soft
auto_style_003423,needs_review,0.69,color_mood_unknown|fit_unknown|silhouette_unknown|color_family_unknown,p_d4d47b2521bd,p_d4d47b2521bd_11,train,redacted/deepfashion_with_masks_balanced_10_20/p_d4d47b2521bd_11.jpg,top,tank,casual,casual,casual_basic,unknown,single_layer,unknown,unknown,unknown,solid,style_top|tank|casual|unknown|unknown|casual_basic
auto_style_003424,needs_review,0.69,color_mood_unknown|fit_unknown|silhouette_unknown|color_family_unknown,p_f543eadbbd71,p_f543eadbbd71_08,train,redacted/deepfashion_with_masks_balanced_10_20/p_f543eadbbd71_08.jpg,top,tank,casual,casual,casual_basic,unknown,single_layer,unknown,unknown,unknown,solid,style_top|tank|casual|unknown|unknown|casual_basic
auto_style_003445,needs_review,0.69,color_mood_unknown|fit_unknown|silhouette_unknown|color_family_unknown,p_f179b432a8e9,p_f179b432a8e9_09,train,redacted/deepfashion_with_masks_balanced_10_20/p_f179b432a8e9_09.jpg,dress_jumpsuit,midi_dress,casual,casual,classic|romantic,unknown,single_layer,unknown,unknown,unknown,solid,style_dress_jumpsuit|midi_dress|casual|unknown|unknown|classic+romantic
auto_style_003449,needs_review,0.69,color_mood_unknown|fit_unknown|silhouette_unknown|color_family_unknown,p_c2968b96427e,p_c2968b96427e_06,train,redacted/deepfashion_with_masks_balanced_10_20/p_c2968b96427e_06.jpg,top,tank,casual,casual,casual_basic,unknown,single_layer,unknown,unknown,unknown,solid,style_top|tank|casual|unknown|unknown|casual_basic
auto_style_003451,needs_review,0.69,color_mood_unknown|fit_unknown|silhouette_unknown|color_family_unknown,p_9f6204a253d7,p_9f6204a253d7_06,train,redacted/deepfashion_with_masks_balanced_10_20/p_9f6204a253d7_06.jpg,dress_jumpsuit,midi_dress,casual,casual,classic|romantic,unknown,single_layer,unknown,unknown,unknown,solid,style_dress_jumpsuit|midi_dress|casual|unknown|unknown|classic+romantic
auto_style_003455,needs_review,0.69,color_mood_unknown|fit_unknown|silhouette_unknown|color_family_unknown,p_f543eadbbd71,p_f543eadbbd71_09,train,redacted/deepfashion_with_masks_balanced_10_20/p_f543eadbbd71_09.jpg,top,tank,casual,casual,casual_basic,unknown,single_layer,unknown,unknown,unknown,solid,style_top|tank|casual|unknown|unknown|casual_basic
auto_style_003460,needs_review,0.69,color_mood_unknown|fit_unknown|silhouette_unknown|color_family_unknown,p_ffdfe74c2f4b,p_ffdfe74c2f4b_06,train,redacted/deepfashion_with_masks_balanced_10_20/p_ffdfe74c2f4b_06.jpg,top,tank,casual,casual,casual_basic,unknown,single_layer,unknown,unknown,unknown,solid,style_top|tank|casual|unknown|unknown|casual_basic
auto_style_003472,needs_review,0.66,color_mood_unknown|fit_unknown|silhouette_unknown|color_family_unknown,p_5521ac174644,p_5521ac174644_08,train,redacted/deepfashion_with_masks_balanced_10_20/p_5521ac174644_08.jpg,top,cardigan,casual,casual,casual_basic|soft,unknown,light_layering,unknown,unknown,unknown,solid,style_top|cardigan|casual|unknown|unknown|casual_basic+soft
auto_style_003473,needs_review,0.69,color_mood_unknown|fit_unknown|silhouette_unknown|color_family_unknown,p_c4cc87e06998,p_c4cc87e06998_06,train,redacted/deepfashion_with_masks_balanced_10_20/p_c4cc87e06998_06.jpg,top,sweater,casual,casual,casual_basic|soft,unknown,single_layer,unknown,unknown,unknown,solid,style_top|sweater|casual|unknown|unknown|casual_basic+soft
auto_style_003490,needs_review,0.69,color_mood_unknown|fit_unknown|silhouette_unknown|color_family_unknown,p_b1909b077f20,p_b1909b077f20_11,train,redacted/deepfashion_with_masks_balanced_10_20/p_b1909b077f20_11.jpg,top,sweater,casual,casual,casual_basic|soft,unknown,single_layer,unknown,unknown,unknown,solid,style_top|sweater|casual|unknown|unknown|casual_basic+soft
auto_style_003492,needs_review,0.69,color_mood_unknown|fit_unknown|silhouette_unknown|color_family_unknown,p_d9e04d5b8d3c,p_d9e04d5b8d3c_08,train,redacted/deepfashion_with_masks_balanced_10_20/p_d9e04d5b8d3c_08.jpg,dress_jumpsuit,midi_dress,casual,casual,classic|romantic,unknown,single_layer,unknown,unknown,unknown,solid,style_dress_jumpsuit|midi_dress|casual|unknown|unknown|classic+romantic
auto_style_003493,needs_review,0.66,color_mood_unknown|fit_unknown|silhouette_unknown|color_family_unknown,p_42c9ad368b3a,p_42c9ad368b3a_05,train,redacted/deepfashion_with_masks_balanced_10_20/p_42c9ad368b3a_05.jpg,top,cardigan,casual,casual,casual_basic|soft,unknown,light_layering,unknown,unknown,unknown,solid,style_top|cardigan|casual|unknown|unknown|casual_basic+soft
auto_style_003495,needs_review,0.69,color_mood_unknown|fit_unknown|silhouette_unknown|color_family_unknown,p_3405cf9eaa3e,p_3405cf9eaa3e_05,train,redacted/deepfashion_with_masks_balanced_10_20/p_3405cf9eaa3e_05.jpg,top,sweater,casual,casual,casual_basic|soft,unknown,single_layer,unknown,unknown,unknown,solid,style_top|sweater|casual|unknown|unknown|casual_basic+soft
auto_style_003501,needs_review,0.69,color_mood_unknown|fit_unknown|silhouette_unknown|color_family_unknown,p_af8c0b286756,p_af8c0b286756_14,train,redacted/deepfashion_with_masks_balanced_10_20/p_af8c0b286756_14.jpg,top,tank,casual,casual,casual_basic,unknown,single_layer,unknown,unknown,unknown,solid,style_top|tank|casual|unknown|unknown|casual_basic
auto_style_003515,needs_review,0.69,color_mood_unknown|fit_unknown|silhouette_unknown|color_family_unknown,p_77edb2aba06f,p_77edb2aba06f_20,train,redacted/deepfashion_with_masks_balanced_10_20/p_77edb2aba06f_20.jpg,top,sweater,casual,casual,casual_basic|soft,unknown,single_layer,unknown,unknown,unknown,solid,style_top|sweater|casual|unknown|unknown|casual_basic+soft
auto_style_003518,needs_review,0.69,color_mood_unknown|fit_unknown|silhouette_unknown|color_family_unknown,p_9fc07204fcdf,p_9fc07204fcdf_07,train,redacted/deepfashion_with_masks_balanced_10_20/p_9fc07204fcdf_07.jpg,top,blouse,casual,casual,classic|minimal,unknown,single_layer,unknown,unknown,unknown,solid,style_top|blouse|casual|unknown|unknown|classic+minimal
auto_style_003521,needs_review,0.69,color_mood_unknown|fit_unknown|silhouette_unknown|color_family_unknown,p_1f2aa821bb4c,p_1f2aa821bb4c_06,train,redacted/deepfashion_with_masks_balanced_10_20/p_1f2aa821bb4c_06.jpg,top,tank,casual,casual,casual_basic,unknown,single_layer,unknown,unknown,unknown,stripe,style_top|tank|casual|unknown|unknown|casual_basic
auto_style_003548,needs_review,0.69,color_mood_unknown|fit_unknown|silhouette_unknown|color_family_unknown,p_7dd5f13e9cd9,p_7dd5f13e9cd9_07,train,redacted/deepfashion_with_masks_balanced_10_20/p_7dd5f13e9cd9_07.jpg,top,tank,casual,casual,casual_basic,unknown,single_layer,unknown,unknown,unknown,stripe,style_top|tank|casual|unknown|unknown|casual_basic
auto_style_003555,needs_review,0.69,color_mood_unknown|fit_unknown|silhouette_unknown|color_family_unknown,p_fe9a2c868817,p_fe9a2c868817_02,train,redacted/deepfashion_with_masks_balanced_10_20/p_fe9a2c868817_02.jpg,top,tank,casual,casual,casual_basic,unknown,single_layer,unknown,unknown,unknown,solid,style_top|tank|casual|unknown|unknown|casual_basic
auto_style_003562,needs_review,0.69,color_mood_unknown|fit_unknown|silhouette_unknown|color_family_unknown,p_3d9913b584d7,p_3d9913b584d7_05,train,redacted/deepfashion_with_masks_balanced_10_20/p_3d9913b584d7_05.jpg,top,tank,casual,casual,casual_basic,unknown,single_layer,unknown,unknown,unknown,solid,style_top|tank|casual|unknown|unknown|casual_basic
auto_style_003588,needs_review,0.69,color_mood_unknown|fit_unknown|silhouette_unknown|color_family_unknown,p_45476f7325fd,p_45476f7325fd_06,train,redacted/deepfashion_with_masks_balanced_10_20/p_45476f7325fd_06.jpg,top,tank,casual,casual,casual_basic,unknown,single_layer,unknown,unknown,unknown,stripe,style_top|tank|casual|unknown|unknown|casual_basic
auto_style_003598,needs_review,0.69,color_mood_unknown|fit_unknown|silhouette_unknown|color_family_unknown,p_0b69db84f415,p_0b69db84f415_11,train,redacted/deepfashion_with_masks_balanced_10_20/p_0b69db84f415_11.jpg,top,tank,casual,casual,casual_basic,unknown,single_layer,unknown,unknown,unknown,solid,style_top|tank|casual|unknown|unknown|casual_basic
auto_style_003613,needs_review,0.66,color_mood_unknown|fit_unknown|silhouette_unknown|color_family_unknown,p_dacb5c4669f8,p_dacb5c4669f8_07,train,redacted/deepfashion_with_masks_balanced_10_20/p_dacb5c4669f8_07.jpg,outerwear,denim_jacket,casual,casual,casual_basic,unknown,light_layering,unknown,unknown,unknown,plaid,style_outerwear|denim_jacket|casual|unknown|unknown|casual_basic
auto_style_003624,needs_review,0.69,color_mood_unknown|fit_unknown|silhouette_unknown|color_family_unknown,p_f7e9a4e8becc,p_f7e9a4e8becc_13,train,redacted/deepfashion_with_masks_balanced_10_20/p_f7e9a4e8becc_13.jpg,top,tank,casual,casual,casual_basic,unknown,single_layer,unknown,unknown,unknown,solid,style_top|tank|casual|unknown|unknown|casual_basic
auto_style_003636,needs_review,0.69,color_mood_unknown|fit_unknown|silhouette_unknown|color_family_unknown,p_c6c9ae3411ca,p_c6c9ae3411ca_08,train,redacted/deepfashion_with_masks_balanced_10_20/p_c6c9ae3411ca_08.jpg,top,tank,casual,casual,casual_basic,unknown,single_layer,unknown,unknown,unknown,solid,style_top|tank|casual|unknown|unknown|casual_basic
auto_style_003637,needs_review,0.69,color_mood_unknown|fit_unknown|silhouette_unknown|color_family_unknown,p_e25d6c2c9a17,p_e25d6c2c9a17_15,train,redacted/deepfashion_with_masks_balanced_10_20/p_e25d6c2c9a17_15.jpg,top,tank,casual,casual,casual_basic,unknown,single_layer,unknown,unknown,unknown,solid,style_top|tank|casual|unknown|unknown|casual_basic
auto_style_003644,needs_review,0.69,color_mood_unknown|fit_unknown|silhouette_unknown|color_family_unknown,p_f36b087b299f,p_f36b087b299f_10,train,redacted/deepfashion_with_masks_balanced_10_20/p_f36b087b299f_10.jpg,top,tank,casual,casual,casual_basic,unknown,single_layer,unknown,unknown,unknown,solid,style_top|tank|casual|unknown|unknown|casual_basic
auto_style_003650,needs_review,0.69,color_mood_unknown|fit_unknown|silhouette_unknown|color_family_unknown,p_4c5481921f57,p_4c5481921f57_12,train,redacted/deepfashion_with_masks_balanced_10_20/p_4c5481921f57_12.jpg,top,tank,casual,casual,casual_basic,unknown,single_layer,unknown,unknown,unknown,solid,style_top|tank|casual|unknown|unknown|casual_basic
auto_style_003661,needs_review,0.69,color_mood_unknown|fit_unknown|silhouette_unknown|color_family_unknown,p_11d0ec428917,p_11d0ec428917_07,train,redacted/deepfashion_with_masks_balanced_10_20/p_11d0ec428917_07.jpg,top,tank,casual,casual,casual_basic,unknown,single_layer,unknown,unknown,unknown,solid,style_top|tank|casual|unknown|unknown|casual_basic
auto_style_003671,needs_review,0.69,color_mood_unknown|fit_unknown|silhouette_unknown|color_family_unknown,p_0b69db84f415,p_0b69db84f415_12,train,redacted/deepfashion_with_masks_balanced_10_20/p_0b69db84f415_12.jpg,top,tank,casual,casual,casual_basic,unknown,single_layer,unknown,unknown,unknown,solid,style_top|tank|casual|unknown|unknown|casual_basic
auto_style_003674,needs_review,0.69,color_mood_unknown|fit_unknown|silhouette_unknown|color_family_unknown,p_d6778b915bf7,p_d6778b915bf7_05,train,redacted/deepfashion_with_masks_balanced_10_20/p_d6778b915bf7_05.jpg,dress_jumpsuit,midi_dress,casual,casual,classic|romantic,unknown,single_layer,unknown,unknown,unknown,solid,style_dress_jumpsuit|midi_dress|casual|unknown|unknown|classic+romantic
auto_style_003679,needs_review,0.69,color_mood_unknown|fit_unknown|silhouette_unknown|color_family_unknown,p_cd235380485b,p_cd235380485b_08,train,redacted/deepfashion_with_masks_balanced_10_20/p_cd235380485b_08.jpg,top,tank,casual,casual,casual_basic,unknown,single_layer,unknown,unknown,unknown,stripe,style_top|tank|casual|unknown|unknown|casual_basic
auto_style_003683,needs_review,0.66,color_mood_unknown|fit_unknown|silhouette_unknown|color_family_unknown,p_dacb5c4669f8,p_dacb5c4669f8_08,train,redacted/deepfashion_with_masks_balanced_10_20/p_dacb5c4669f8_08.jpg,outerwear,denim_jacket,casual,casual,casual_basic,unknown,light_layering,unknown,unknown,unknown,plaid,style_outerwear|denim_jacket|casual|unknown|unknown|casual_basic
auto_style_003684,needs_review,0.69,color_mood_unknown|fit_unknown|silhouette_unknown|color_family_unknown,p_4c5481921f57,p_4c5481921f57_13,train,redacted/deepfashion_with_masks_balanced_10_20/p_4c5481921f57_13.jpg,top,tank,casual,casual,casual_basic,unknown,single_layer,unknown,unknown,unknown,solid,style_top|tank|casual|unknown|unknown|casual_basic
auto_style_003691,needs_review,0.66,color_mood_unknown|fit_unknown|silhouette_unknown|color_family_unknown,p_1fcc433cc4fe,p_1fcc433cc4fe_06,train,redacted/deepfashion_with_masks_balanced_10_20/p_1fcc433cc4fe_06.jpg,dress_jumpsuit,romper,casual,casual,classic|romantic,unknown,single_layer,unknown,unknown,unknown,solid,style_dress_jumpsuit|romper|casual|unknown|unknown|classic+romantic
auto_style_003694,needs_review,0.69,color_mood_unknown|fit_unknown|silhouette_unknown|color_family_unknown,p_cf74eabb8a1d,p_cf74eabb8a1d_07,train,redacted/deepfashion_with_masks_balanced_10_20/p_cf74eabb8a1d_07.jpg,top,sweater,casual,casual,casual_basic|soft,unknown,single_layer,unknown,unknown,unknown,solid,style_top|sweater|casual|unknown|unknown|casual_basic+soft
auto_style_003704,needs_review,0.66,color_mood_unknown|fit_unknown|silhouette_unknown|color_family_unknown,p_0725a7378d26,p_0725a7378d26_05,train,redacted/deepfashion_with_masks_balanced_10_20/p_0725a7378d26_05.jpg,dress_jumpsuit,romper,casual,casual,classic|romantic,unknown,single_layer,unknown,unknown,unknown,solid,style_dress_jumpsuit|romper|casual|unknown|unknown|classic+romantic
auto_style_003723,needs_review,0.69,color_mood_unknown|fit_unknown|silhouette_unknown|color_family_unknown,p_ec5f6df7d06f,p_ec5f6df7d06f_12,train,redacted/deepfashion_with_masks_balanced_10_20/p_ec5f6df7d06f_12.jpg,top,sweater,casual,casual,casual_basic|soft,unknown,single_layer,unknown,unknown,unknown,plaid,style_top|sweater|casual|unknown|unknown|casual_basic+soft
auto_style_003731,needs_review,0.69,color_mood_unknown|fit_unknown|silhouette_unknown|color_family_unknown,p_bf039839b525,p_bf039839b525_11,train,redacted/deepfashion_with_masks_balanced_10_20/p_bf039839b525_11.jpg,top,sweater,casual,casual,casual_basic|soft,unknown,single_layer,unknown,unknown,unknown,solid,style_top|sweater|casual|unknown|unknown|casual_basic+soft
auto_style_003734,needs_review,0.69,color_mood_unknown|fit_unknown|silhouette_unknown|color_family_unknown,p_fca05182bc0f,p_fca05182bc0f_03,train,redacted/deepfashion_with_masks_balanced_10_20/p_fca05182bc0f_03.jpg,top,tank,casual,casual,casual_basic,unknown,single_layer,unknown,unknown,unknown,solid,style_top|tank|casual|unknown|unknown|casual_basic
auto_style_003735,needs_review,0.69,color_mood_unknown|fit_unknown|silhouette_unknown|color_family_unknown,p_f3a4bed3001a,p_f3a4bed3001a_07,train,redacted/deepfashion_with_masks_balanced_10_20/p_f3a4bed3001a_07.jpg,top,tank,casual,casual,casual_basic,unknown,single_layer,unknown,unknown,unknown,stripe,style_top|tank|casual|unknown|unknown|casual_basic
auto_style_003749,needs_review,0.69,color_mood_unknown|fit_unknown|silhouette_unknown|color_family_unknown,p_f45a91d07673,p_f45a91d07673_12,train,redacted/deepfashion_with_masks_balanced_10_20/p_f45a91d07673_12.jpg,top,sweater,casual,casual,casual_basic|soft,unknown,single_layer,unknown,unknown,unknown,solid,style_top|sweater|casual|unknown|unknown|casual_basic+soft
auto_style_003761,needs_review,0.69,color_mood_unknown|fit_unknown|silhouette_unknown|color_family_unknown,p_6ec28e57c3ca,p_6ec28e57c3ca_11,train,redacted/deepfashion_with_masks_balanced_10_20/p_6ec28e57c3ca_11.jpg,top,blouse,casual,casual,classic|minimal,unknown,single_layer,unknown,unknown,unknown,solid,style_top|blouse|casual|unknown|unknown|classic+minimal
auto_style_003767,needs_review,0.69,color_mood_unknown|fit_unknown|silhouette_unknown|color_family_unknown,p_0ebe34ecc1c4,p_0ebe34ecc1c4_09,train,redacted/deepfashion_with_masks_balanced_10_20/p_0ebe34ecc1c4_09.jpg,top,tank,casual,casual,casual_basic,unknown,single_layer,unknown,unknown,unknown,solid,style_top|tank|casual|unknown|unknown|casual_basic
auto_style_003769,needs_review,0.69,color_mood_unknown|fit_unknown|silhouette_unknown|color_family_unknown,p_a6deb658ecb3,p_a6deb658ecb3_05,train,redacted/deepfashion_with_masks_balanced_10_20/p_a6deb658ecb3_05.jpg,top,blouse,casual,casual,classic|minimal,unknown,single_layer,unknown,unknown,unknown,solid,style_top|blouse|casual|unknown|unknown|classic+minimal
auto_style_003785,needs_review,0.69,color_mood_unknown|fit_unknown|silhouette_unknown|color_family_unknown,p_627158a7c78e,p_627158a7c78e_07,train,redacted/deepfashion_with_masks_balanced_10_20/p_627158a7c78e_07.jpg,top,tank,casual,casual,casual_basic,unknown,single_layer,unknown,unknown,unknown,solid,style_top|tank|casual|unknown|unknown|casual_basic
auto_style_003790,needs_review,0.69,color_mood_unknown|fit_unknown|silhouette_unknown|color_family_unknown,p_f09f91955808,p_f09f91955808_06,train,redacted/deepfashion_with_masks_balanced_10_20/p_f09f91955808_06.jpg,top,tank,casual,casual,casual_basic,unknown,single_layer,unknown,unknown,unknown,solid,style_top|tank|casual|unknown|unknown|casual_basic
auto_style_003793,needs_review,0.69,color_mood_unknown|fit_unknown|silhouette_unknown|color_family_unknown,p_05bd2c7c1b64,p_05bd2c7c1b64_05,train,redacted/deepfashion_with_masks_balanced_10_20/p_05bd2c7c1b64_05.jpg,top,sweater,casual,casual,casual_basic|soft,unknown,single_layer,unknown,unknown,unknown,solid,style_top|sweater|casual|unknown|unknown|casual_basic+soft
auto_style_003794,needs_review,0.69,color_mood_unknown|fit_unknown|silhouette_unknown|color_family_unknown,p_ab07fc27f838,p_ab07fc27f838_08,train,redacted/deepfashion_with_masks_balanced_10_20/p_ab07fc27f838_08.jpg,top,sweater,casual,casual,casual_basic|soft,unknown,single_layer,unknown,unknown,unknown,solid,style_top|sweater|casual|unknown|unknown|casual_basic+soft
auto_style_003805,needs_review,0.69,color_mood_unknown|fit_unknown|silhouette_unknown|color_family_unknown,p_97f1078ae3b7,p_97f1078ae3b7_11,train,redacted/deepfashion_with_masks_balanced_10_20/p_97f1078ae3b7_11.jpg,dress_jumpsuit,midi_dress,casual,casual,classic|romantic,unknown,single_layer,unknown,unknown,unknown,solid,style_dress_jumpsuit|midi_dress|casual|unknown|unknown|classic+romantic
auto_style_003833,needs_review,0.69,color_mood_unknown|fit_unknown|silhouette_unknown|color_family_unknown,p_5437c4377c7b,p_5437c4377c7b_09,train,redacted/deepfashion_with_masks_balanced_10_20/p_5437c4377c7b_09.jpg,top,tank,casual,casual,casual_basic,unknown,single_layer,unknown,unknown,unknown,solid,style_top|tank|casual|unknown|unknown|casual_basic
auto_style_003847,needs_review,0.69,color_mood_unknown|fit_unknown|silhouette_unknown|color_family_unknown,p_44b6db537fe0,p_44b6db537fe0_06,train,redacted/deepfashion_with_masks_balanced_10_20/p_44b6db537fe0_06.jpg,dress_jumpsuit,midi_dress,casual,casual,classic|romantic,unknown,single_layer,unknown,unknown,unknown,solid,style_dress_jumpsuit|midi_dress|casual|unknown|unknown|classic+romantic
auto_style_003850,needs_review,0.69,color_mood_unknown|fit_unknown|silhouette_unknown|color_family_unknown,p_ea3b6e24cf6f,p_ea3b6e24cf6f_06,train,redacted/deepfashion_with_masks_balanced_10_20/p_ea3b6e24cf6f_06.jpg,top,sweater,casual,casual,casual_basic|soft,unknown,single_layer,unknown,unknown,unknown,solid,style_top|sweater|casual|unknown|unknown|casual_basic+soft
auto_style_003851,needs_review,0.69,color_mood_unknown|fit_unknown|silhouette_unknown|color_family_unknown,p_207a19789a31,p_207a19789a31_09,train,redacted/deepfashion_with_masks_balanced_10_20/p_207a19789a31_09.jpg,top,tank,casual,casual,casual_basic,unknown,single_layer,unknown,unknown,unknown,plaid,style_top|tank|casual|unknown|unknown|casual_basic
auto_style_003858,needs_review,0.69,color_mood_unknown|fit_unknown|silhouette_unknown|color_family_unknown,p_9b95a966c59a,p_9b95a966c59a_05,train,redacted/deepfashion_with_masks_balanced_10_20/p_9b95a966c59a_05.jpg,top,tank,casual,casual,casual_basic,unknown,single_layer,unknown,unknown,unknown,solid,style_top|tank|casual|unknown|unknown|casual_basic
auto_style_003862,needs_review,0.69,color_mood_unknown|fit_unknown|silhouette_unknown|color_family_unknown,p_d9e04d5b8d3c,p_d9e04d5b8d3c_09,train,redacted/deepfashion_with_masks_balanced_10_20/p_d9e04d5b8d3c_09.jpg,dress_jumpsuit,midi_dress,casual,casual,classic|romantic,unknown,single_layer,unknown,unknown,unknown,solid,style_dress_jumpsuit|midi_dress|casual|unknown|unknown|classic+romantic
auto_style_003886,needs_review,0.66,color_mood_unknown|fit_unknown|silhouette_unknown|color_family_unknown,p_785dea633e7d,p_785dea633e7d_05,train,redacted/deepfashion_with_masks_balanced_10_20/p_785dea633e7d_05.jpg,top,cardigan,casual,casual,casual_basic|soft,unknown,light_layering,unknown,unknown,unknown,solid,style_top|cardigan|casual|unknown|unknown|casual_basic+soft
auto_style_003900,needs_review,0.66,color_mood_unknown|fit_unknown|silhouette_unknown|color_family_unknown,p_42c9ad368b3a,p_42c9ad368b3a_06,train,redacted/deepfashion_with_masks_balanced_10_20/p_42c9ad368b3a_06.jpg,top,cardigan,casual,casual,casual_basic|soft,unknown,light_layering,unknown,unknown,unknown,solid,style_top|cardigan|casual|unknown|unknown|casual_basic+soft
auto_style_003901,needs_review,0.69,color_mood_unknown|fit_unknown|silhouette_unknown|color_family_unknown,p_fca05182bc0f,p_fca05182bc0f_04,train,redacted/deepfashion_with_masks_balanced_10_20/p_fca05182bc0f_04.jpg,top,tank,casual,casual,casual_basic,unknown,single_layer,unknown,unknown,unknown,solid,style_top|tank|casual|unknown|unknown|casual_basic
auto_style_003916,needs_review,0.66,color_mood_unknown|fit_unknown|silhouette_unknown|color_family_unknown,p_dacb5c4669f8,p_dacb5c4669f8_09,train,redacted/deepfashion_with_masks_balanced_10_20/p_dacb5c4669f8_09.jpg,outerwear,denim_jacket,casual,casual,casual_basic,unknown,light_layering,unknown,unknown,unknown,plaid,style_outerwear|denim_jacket|casual|unknown|unknown|casual_basic
auto_style_003918,needs_review,0.69,color_mood_unknown|fit_unknown|silhouette_unknown|color_family_unknown,p_01e1c63d996e,p_01e1c63d996e_07,train,redacted/deepfashion_with_masks_balanced_10_20/p_01e1c63d996e_07.jpg,top,tank,casual,casual,casual_basic,unknown,single_layer,unknown,unknown,unknown,stripe,style_top|tank|casual|unknown|unknown|casual_basic
auto_style_003934,needs_review,0.69,color_mood_unknown|fit_unknown|silhouette_unknown|color_family_unknown,p_7dd5f13e9cd9,p_7dd5f13e9cd9_08,train,redacted/deepfashion_with_masks_balanced_10_20/p_7dd5f13e9cd9_08.jpg,top,tank,casual,casual,casual_basic,unknown,single_layer,unknown,unknown,unknown,stripe,style_top|tank|casual|unknown|unknown|casual_basic
auto_style_003937,needs_review,0.69,color_mood_unknown|fit_unknown|silhouette_unknown|color_family_unknown,p_80da9190aff9,p_80da9190aff9_06,train,redacted/deepfashion_with_masks_balanced_10_20/p_80da9190aff9_06.jpg,top,tank,casual,casual,casual_basic,unknown,single_layer,unknown,unknown,unknown,solid,style_top|tank|casual|unknown|unknown|casual_basic
auto_style_003948,needs_review,0.69,color_mood_unknown|fit_unknown|silhouette_unknown|color_family_unknown,p_313db47e4f92,p_313db47e4f92_08,train,redacted/deepfashion_with_masks_balanced_10_20/p_313db47e4f92_08.jpg,top,sweater,casual,casual,casual_basic|soft,unknown,single_layer,unknown,unknown,unknown,stripe,style_top|sweater|casual|unknown|unknown|casual_basic+soft
auto_style_003953,needs_review,0.69,color_mood_unknown|fit_unknown|silhouette_unknown|color_family_unknown,p_327ba3a5eb80,p_327ba3a5eb80_09,train,redacted/deepfashion_with_masks_balanced_10_20/p_327ba3a5eb80_09.jpg,top,sweater,casual,casual,casual_basic|soft,unknown,single_layer,unknown,unknown,unknown,solid,style_top|sweater|casual|unknown|unknown|casual_basic+soft
auto_style_003955,needs_review,0.69,color_mood_unknown|fit_unknown|silhouette_unknown|color_family_unknown,p_330d9056eed4,p_330d9056eed4_10,train,redacted/deepfashion_with_masks_balanced_10_20/p_330d9056eed4_10.jpg,top,sweater,casual,casual,casual_basic|soft,unknown,single_layer,unknown,unknown,unknown,solid,style_top|sweater|casual|unknown|unknown|casual_basic+soft
auto_style_003957,needs_review,0.69,color_mood_unknown|fit_unknown|silhouette_unknown|color_family_unknown,p_bf72c7a86431,p_bf72c7a86431_03,train,redacted/deepfashion_with_masks_balanced_10_20/p_bf72c7a86431_03.jpg,dress_jumpsuit,midi_dress,casual,casual,classic|romantic,unknown,single_layer,unknown,unknown,unknown,stripe,style_dress_jumpsuit|midi_dress|casual|unknown|unknown|classic+romantic
auto_style_003960,needs_review,0.69,color_mood_unknown|fit_unknown|silhouette_unknown|color_family_unknown,p_4c5481921f57,p_4c5481921f57_14,train,redacted/deepfashion_with_masks_balanced_10_20/p_4c5481921f57_14.jpg,top,tank,casual,casual,casual_basic,unknown,single_layer,unknown,unknown,unknown,solid,style_top|tank|casual|unknown|unknown|casual_basic
auto_style_003964,needs_review,0.66,color_mood_unknown|fit_unknown|silhouette_unknown|color_family_unknown,p_5cbdd849c636,p_5cbdd849c636_07,train,redacted/deepfashion_with_masks_balanced_10_20/p_5cbdd849c636_07.jpg,top,hoodie,casual,casual,casual_basic|streetwear,unknown,single_layer,unknown,unknown,unknown,stripe,style_top|hoodie|casual|unknown|unknown|casual_basic+streetwear
auto_style_003965,needs_review,0.69,color_mood_unknown|fit_unknown|silhouette_unknown|color_family_unknown,p_156b1465ef26,p_156b1465ef26_07,train,redacted/deepfashion_with_masks_balanced_10_20/p_156b1465ef26_07.jpg,top,tank,casual,casual,casual_basic,unknown,single_layer,unknown,unknown,unknown,solid,style_top|tank|casual|unknown|unknown|casual_basic
auto_style_003967,needs_review,0.69,color_mood_unknown|fit_unknown|silhouette_unknown|color_family_unknown,p_de44c1e19c6f,p_de44c1e19c6f_09,train,redacted/deepfashion_with_masks_balanced_10_20/p_de44c1e19c6f_09.jpg,top,sweater,casual,casual,casual_basic|soft,unknown,single_layer,unknown,unknown,unknown,solid,style_top|sweater|casual|unknown|unknown|casual_basic+soft
auto_style_003972,needs_review,0.69,color_mood_unknown|fit_unknown|silhouette_unknown|color_family_unknown,p_c2968b96427e,p_c2968b96427e_08,train,redacted/deepfashion_with_masks_balanced_10_20/p_c2968b96427e_08.jpg,top,tank,casual,casual,casual_basic,unknown,single_layer,unknown,unknown,unknown,solid,style_top|tank|casual|unknown|unknown|casual_basic
auto_style_003973,needs_review,0.69,color_mood_unknown|fit_unknown|silhouette_unknown|color_family_unknown,p_18d64ba2ff31,p_18d64ba2ff31_07,train,redacted/deepfashion_with_masks_balanced_10_20/p_18d64ba2ff31_07.jpg,top,sweater,casual,casual,casual_basic|soft,unknown,single_layer,unknown,unknown,unknown,stripe,style_top|sweater|casual|unknown|unknown|casual_basic+soft
auto_style_003975,needs_review,0.69,color_mood_unknown|fit_unknown|silhouette_unknown|color_family_unknown,p_78b56ccbebc4,p_78b56ccbebc4_07,train,redacted/deepfashion_with_masks_balanced_10_20/p_78b56ccbebc4_07.jpg,top,blouse,casual,casual,classic|minimal,unknown,single_layer,unknown,unknown,unknown,solid,style_top|blouse|casual|unknown|unknown|classic+minimal
auto_style_003981,needs_review,0.69,color_mood_unknown|fit_unknown|silhouette_unknown|color_family_unknown,p_c2968b96427e,p_c2968b96427e_09,train,redacted/deepfashion_with_masks_balanced_10_20/p_c2968b96427e_09.jpg,top,tank,casual,casual,casual_basic,unknown,single_layer,unknown,unknown,unknown,solid,style_top|tank|casual|unknown|unknown|casual_basic
auto_style_004003,needs_review,0.69,color_mood_unknown|fit_unknown|silhouette_unknown|color_family_unknown,p_70472ce8e716,p_70472ce8e716_09,train,redacted/deepfashion_with_masks_balanced_10_20/p_70472ce8e716_09.jpg,top,tank,casual,casual,casual_basic,unknown,single_layer,unknown,unknown,unknown,solid,style_top|tank|casual|unknown|unknown|casual_basic
auto_style_004008,needs_review,0.69,color_mood_unknown|fit_unknown|silhouette_unknown|color_family_unknown,p_78b56ccbebc4,p_78b56ccbebc4_09,train,redacted/deepfashion_with_masks_balanced_10_20/p_78b56ccbebc4_09.jpg,top,blouse,casual,casual,classic|minimal,unknown,single_layer,unknown,unknown,unknown,solid,style_top|blouse|casual|unknown|unknown|classic+minimal
auto_style_004009,needs_review,0.69,color_mood_unknown|fit_unknown|silhouette_unknown|color_family_unknown,p_a18e1a8a80fc,p_a18e1a8a80fc_09,train,redacted/deepfashion_with_masks_balanced_10_20/p_a18e1a8a80fc_09.jpg,dress_jumpsuit,midi_dress,casual,casual,classic|romantic,unknown,single_layer,unknown,unknown,unknown,solid,style_dress_jumpsuit|midi_dress|casual|unknown|unknown|classic+romantic
auto_style_004010,needs_review,0.69,color_mood_unknown|fit_unknown|silhouette_unknown|color_family_unknown,p_5437c4377c7b,p_5437c4377c7b_10,train,redacted/deepfashion_with_masks_balanced_10_20/p_5437c4377c7b_10.jpg,top,tank,casual,casual,casual_basic,unknown,single_layer,unknown,unknown,unknown,stripe,style_top|tank|casual|unknown|unknown|casual_basic
auto_style_004013,needs_review,0.69,color_mood_unknown|fit_unknown|silhouette_unknown|color_family_unknown,p_5437c4377c7b,p_5437c4377c7b_11,train,redacted/deepfashion_with_masks_balanced_10_20/p_5437c4377c7b_11.jpg,top,tank,casual,casual,casual_basic,unknown,single_layer,unknown,unknown,unknown,stripe,style_top|tank|casual|unknown|unknown|casual_basic
auto_style_004015,needs_review,0.69,color_mood_unknown|fit_unknown|silhouette_unknown|color_family_unknown,p_44ca0dc442d7,p_44ca0dc442d7_14,train,redacted/deepfashion_with_masks_balanced_10_20/p_44ca0dc442d7_14.jpg,top,sweater,casual,casual,casual_basic|soft,unknown,single_layer,unknown,unknown,unknown,solid,style_top|sweater|casual|unknown|unknown|casual_basic+soft
auto_style_004022,needs_review,0.66,color_mood_unknown|fit_unknown|silhouette_unknown|color_family_unknown,p_a01c9069ba07,p_a01c9069ba07_06,train,redacted/deepfashion_with_masks_balanced_10_20/p_a01c9069ba07_06.jpg,bottom,shorts,casual,casual,casual_basic,unknown,single_layer,unknown,unknown,unknown,solid,style_bottom|shorts|casual|unknown|unknown|casual_basic
auto_style_004039,needs_review,0.69,color_mood_unknown|fit_unknown|silhouette_unknown|color_family_unknown,p_cd235380485b,p_cd235380485b_09,train,redacted/deepfashion_with_masks_balanced_10_20/p_cd235380485b_09.jpg,top,tank,casual,casual,casual_basic,unknown,single_layer,unknown,unknown,unknown,stripe,style_top|tank|casual|unknown|unknown|casual_basic
auto_style_004063,needs_review,0.69,color_mood_unknown|fit_unknown|silhouette_unknown|color_family_unknown,p_d513a228f240,p_d513a228f240_08,train,redacted/deepfashion_with_masks_balanced_10_20/p_d513a228f240_08.jpg,top,sweater,casual,casual,casual_basic|soft,unknown,single_layer,unknown,unknown,unknown,plaid,style_top|sweater|casual|unknown|unknown|casual_basic+soft
auto_style_004069,needs_review,0.69,color_mood_unknown|fit_unknown|silhouette_unknown|color_family_unknown,p_ec5f6df7d06f,p_ec5f6df7d06f_14,train,redacted/deepfashion_with_masks_balanced_10_20/p_ec5f6df7d06f_14.jpg,top,sweater,casual,casual,casual_basic|soft,unknown,single_layer,unknown,unknown,unknown,solid,style_top|sweater|casual|unknown|unknown|casual_basic+soft
auto_style_004075,needs_review,0.69,color_mood_unknown|fit_unknown|silhouette_unknown|color_family_unknown,p_bf039839b525,p_bf039839b525_14,train,redacted/deepfashion_with_masks_balanced_10_20/p_bf039839b525_14.jpg,top,sweater,casual,casual,casual_basic|soft,unknown,single_layer,unknown,unknown,unknown,solid,style_top|sweater|casual|unknown|unknown|casual_basic+soft
auto_style_004086,needs_review,0.69,color_mood_unknown|fit_unknown|silhouette_unknown|color_family_unknown,p_f3a4bed3001a,p_f3a4bed3001a_08,train,redacted/deepfashion_with_masks_balanced_10_20/p_f3a4bed3001a_08.jpg,top,tank,casual,casual,casual_basic,unknown,single_layer,unknown,unknown,unknown,stripe,style_top|tank|casual|unknown|unknown|casual_basic
auto_style_004098,needs_review,0.69,color_mood_unknown|fit_unknown|silhouette_unknown|color_family_unknown,p_eedf91627507,p_eedf91627507_12,train,redacted/deepfashion_with_masks_balanced_10_20/p_eedf91627507_12.jpg,top,sweater,casual,casual,casual_basic|soft,unknown,single_layer,unknown,unknown,unknown,solid,style_top|sweater|casual|unknown|unknown|casual_basic+soft
auto_style_004164,needs_review,0.69,color_mood_unknown|fit_unknown|silhouette_unknown|color_family_unknown,p_18d64ba2ff31,p_18d64ba2ff31_08,train,redacted/deepfashion_with_masks_balanced_10_20/p_18d64ba2ff31_08.jpg,top,sweater,casual,casual,casual_basic|soft,unknown,single_layer,unknown,unknown,unknown,stripe,style_top|sweater|casual|unknown|unknown|casual_basic+soft
auto_style_004167,needs_review,0.66,color_mood_unknown|fit_unknown|silhouette_unknown|color_family_unknown,p_ffe96e3b1a3f,p_ffe96e3b1a3f_07,train,redacted/deepfashion_with_masks_balanced_10_20/p_ffe96e3b1a3f_07.jpg,top,cardigan,casual,casual,casual_basic|soft,unknown,light_layering,unknown,unknown,unknown,solid,style_top|cardigan|casual|unknown|unknown|casual_basic+soft
auto_style_004168,needs_review,0.69,color_mood_unknown|fit_unknown|silhouette_unknown|color_family_unknown,p_0f9418e82300,p_0f9418e82300_12,train,redacted/deepfashion_with_masks_balanced_10_20/p_0f9418e82300_12.jpg,top,tank,casual,casual,casual_basic,unknown,single_layer,unknown,unknown,unknown,solid,style_top|tank|casual|unknown|unknown|casual_basic
auto_style_004176,needs_review,0.69,color_mood_unknown|fit_unknown|silhouette_unknown|color_family_unknown,p_0f4d1f6ab72b,p_0f4d1f6ab72b_07,train,redacted/deepfashion_with_masks_balanced_10_20/p_0f4d1f6ab72b_07.jpg,dress_jumpsuit,midi_dress,casual,casual,classic|romantic,unknown,single_layer,unknown,unknown,unknown,solid,style_dress_jumpsuit|midi_dress|casual|unknown|unknown|classic+romantic
auto_style_004179,needs_review,0.69,color_mood_unknown|fit_unknown|silhouette_unknown|color_family_unknown,p_757eee7040d3,p_757eee7040d3_15,train,redacted/deepfashion_with_masks_balanced_10_20/p_757eee7040d3_15.jpg,top,sweater,casual,casual,casual_basic|soft,unknown,single_layer,unknown,unknown,unknown,solid,style_top|sweater|casual|unknown|unknown|casual_basic+soft
auto_style_004192,needs_review,0.69,color_mood_unknown|fit_unknown|silhouette_unknown|color_family_unknown,p_c9c1d744d5bc,p_c9c1d744d5bc_11,train,redacted/deepfashion_with_masks_balanced_10_20/p_c9c1d744d5bc_11.jpg,dress_jumpsuit,midi_dress,casual,casual,classic|romantic,unknown,single_layer,unknown,unknown,unknown,solid,style_dress_jumpsuit|midi_dress|casual|unknown|unknown|classic+romantic
auto_style_004196,needs_review,0.69,color_mood_unknown|fit_unknown|silhouette_unknown|color_family_unknown,p_156b1465ef26,p_156b1465ef26_09,train,redacted/deepfashion_with_masks_balanced_10_20/p_156b1465ef26_09.jpg,top,tank,casual,casual,casual_basic,unknown,single_layer,unknown,unknown,unknown,solid,style_top|tank|casual|unknown|unknown|casual_basic
auto_style_004197,needs_review,0.66,color_mood_unknown|fit_unknown|silhouette_unknown|color_family_unknown,p_b5191067f36e,p_b5191067f36e_09,train,redacted/deepfashion_with_masks_balanced_10_20/p_b5191067f36e_09.jpg,top,cardigan,casual,casual,casual_basic|soft,unknown,light_layering,unknown,unknown,unknown,solid,style_top|cardigan|casual|unknown|unknown|casual_basic+soft
auto_style_004200,needs_review,0.69,color_mood_unknown|fit_unknown|silhouette_unknown|color_family_unknown,p_b517bc0acd5f,p_b517bc0acd5f_06,train,redacted/deepfashion_with_masks_balanced_10_20/p_b517bc0acd5f_06.jpg,top,sweater,casual,casual,casual_basic|soft,unknown,single_layer,unknown,unknown,unknown,solid,style_top|sweater|casual|unknown|unknown|casual_basic+soft
auto_style_004202,needs_review,0.69,color_mood_unknown|fit_unknown|silhouette_unknown|color_family_unknown,p_3a6ca9f22f56,p_3a6ca9f22f56_10,train,redacted/deepfashion_with_masks_balanced_10_20/p_3a6ca9f22f56_10.jpg,top,tank,casual,casual,casual_basic,unknown,single_layer,unknown,unknown,unknown,solid,style_top|tank|casual|unknown|unknown|casual_basic
auto_style_004204,needs_review,0.69,color_mood_unknown|fit_unknown|silhouette_unknown|color_family_unknown,p_42fb33dca4f2,p_42fb33dca4f2_08,train,redacted/deepfashion_with_masks_balanced_10_20/p_42fb33dca4f2_08.jpg,top,tank,casual,casual,casual_basic,unknown,single_layer,unknown,unknown,unknown,stripe,style_top|tank|casual|unknown|unknown|casual_basic
auto_style_004216,needs_review,0.69,color_mood_unknown|fit_unknown|silhouette_unknown|color_family_unknown,p_78b56ccbebc4,p_78b56ccbebc4_11,train,redacted/deepfashion_with_masks_balanced_10_20/p_78b56ccbebc4_11.jpg,top,blouse,casual,casual,classic|minimal,unknown,single_layer,unknown,unknown,unknown,solid,style_top|blouse|casual|unknown|unknown|classic+minimal
auto_style_004223,needs_review,0.66,color_mood_unknown|fit_unknown|silhouette_unknown|color_family_unknown,p_42c9ad368b3a,p_42c9ad368b3a_07,train,redacted/deepfashion_with_masks_balanced_10_20/p_42c9ad368b3a_07.jpg,top,cardigan,casual,casual,casual_basic|soft,unknown,light_layering,unknown,unknown,unknown,solid,style_top|cardigan|casual|unknown|unknown|casual_basic+soft
auto_style_004230,needs_review,0.69,color_mood_unknown|fit_unknown|silhouette_unknown|color_family_unknown,p_45476f7325fd,p_45476f7325fd_07,train,redacted/deepfashion_with_masks_balanced_10_20/p_45476f7325fd_07.jpg,top,tank,casual,casual,casual_basic,unknown,single_layer,unknown,unknown,unknown,stripe,style_top|tank|casual|unknown|unknown|casual_basic
auto_style_004237,needs_review,0.69,color_mood_unknown|fit_unknown|silhouette_unknown|color_family_unknown,p_45476f7325fd,p_45476f7325fd_08,train,redacted/deepfashion_with_masks_balanced_10_20/p_45476f7325fd_08.jpg,top,tank,casual,casual,casual_basic,unknown,single_layer,unknown,unknown,unknown,stripe,style_top|tank|casual|unknown|unknown|casual_basic
auto_style_004240,needs_review,0.66,color_mood_unknown|fit_unknown|silhouette_unknown|color_family_unknown,p_dacb5c4669f8,p_dacb5c4669f8_11,train,redacted/deepfashion_with_masks_balanced_10_20/p_dacb5c4669f8_11.jpg,outerwear,denim_jacket,casual,casual,casual_basic,unknown,light_layering,unknown,unknown,unknown,plaid,style_outerwear|denim_jacket|casual|unknown|unknown|casual_basic
auto_style_004247,needs_review,0.69,color_mood_unknown|fit_unknown|silhouette_unknown|color_family_unknown,p_05bd2c7c1b64,p_05bd2c7c1b64_06,train,redacted/deepfashion_with_masks_balanced_10_20/p_05bd2c7c1b64_06.jpg,top,sweater,casual,casual,casual_basic|soft,unknown,single_layer,unknown,unknown,unknown,solid,style_top|sweater|casual|unknown|unknown|casual_basic+soft
auto_style_004250,needs_review,0.69,color_mood_unknown|fit_unknown|silhouette_unknown|color_family_unknown,p_efe4c30f7ae2,p_efe4c30f7ae2_06,train,redacted/deepfashion_with_masks_balanced_10_20/p_efe4c30f7ae2_06.jpg,dress_jumpsuit,midi_dress,casual,casual,classic|romantic,unknown,single_layer,unknown,unknown,unknown,solid,style_dress_jumpsuit|midi_dress|casual|unknown|unknown|classic+romantic
auto_style_004270,needs_review,0.66,color_mood_unknown|fit_unknown|silhouette_unknown|color_family_unknown,p_2b8142e4aaf3,p_2b8142e4aaf3_07,train,redacted/deepfashion_with_masks_balanced_10_20/p_2b8142e4aaf3_07.jpg,top,cardigan,casual,casual,casual_basic|soft,unknown,light_layering,unknown,unknown,unknown,solid,style_top|cardigan|casual|unknown|unknown|casual_basic+soft
auto_style_004274,needs_review,0.66,color_mood_unknown|fit_unknown|silhouette_unknown|color_family_unknown,p_5521ac174644,p_5521ac174644_09,train,redacted/deepfashion_with_masks_balanced_10_20/p_5521ac174644_09.jpg,top,cardigan,casual,casual,casual_basic|soft,unknown,light_layering,unknown,unknown,unknown,solid,style_top|cardigan|casual|unknown|unknown|casual_basic+soft
auto_style_004287,needs_review,0.69,color_mood_unknown|fit_unknown|silhouette_unknown|color_family_unknown,p_2e684ca70906,p_2e684ca70906_09,train,redacted/deepfashion_with_masks_balanced_10_20/p_2e684ca70906_09.jpg,top,tank,casual,casual,casual_basic,unknown,single_layer,unknown,unknown,unknown,solid,style_top|tank|casual|unknown|unknown|casual_basic
auto_style_004288,needs_review,0.69,color_mood_unknown|fit_unknown|silhouette_unknown|color_family_unknown,p_538df61e426c,p_538df61e426c_07,train,redacted/deepfashion_with_masks_balanced_10_20/p_538df61e426c_07.jpg,top,sweater,casual,casual,casual_basic|soft,unknown,single_layer,unknown,unknown,unknown,solid,style_top|sweater|casual|unknown|unknown|casual_basic+soft
auto_style_004290,needs_review,0.69,color_mood_unknown|fit_unknown|silhouette_unknown|color_family_unknown,p_fc9e7a528b4c,p_fc9e7a528b4c_09,train,redacted/deepfashion_with_masks_balanced_10_20/p_fc9e7a528b4c_09.jpg,top,tank,casual,casual,casual_basic,unknown,single_layer,unknown,unknown,unknown,stripe,style_top|tank|casual|unknown|unknown|casual_basic
auto_style_004295,needs_review,0.66,color_mood_unknown|fit_unknown|silhouette_unknown|color_family_unknown,p_31785ad1d0ad,p_31785ad1d0ad_04,train,redacted/deepfashion_with_masks_balanced_10_20/p_31785ad1d0ad_04.jpg,dress_jumpsuit,romper,casual,casual,classic|romantic,unknown,single_layer,unknown,unknown,unknown,solid,style_dress_jumpsuit|romper|casual|unknown|unknown|classic+romantic
auto_style_004305,needs_review,0.69,color_mood_unknown|fit_unknown|silhouette_unknown|color_family_unknown,p_f9f7626865a4,p_f9f7626865a4_07,train,redacted/deepfashion_with_masks_balanced_10_20/p_f9f7626865a4_07.jpg,dress_jumpsuit,midi_dress,casual,casual,classic|romantic,unknown,single_layer,unknown,unknown,unknown,solid,style_dress_jumpsuit|midi_dress|casual|unknown|unknown|classic+romantic
auto_style_004311,needs_review,0.69,color_mood_unknown|fit_unknown|silhouette_unknown|color_family_unknown,p_ecd1d4c5d5f0,p_ecd1d4c5d5f0_05,train,redacted/deepfashion_with_masks_balanced_10_20/p_ecd1d4c5d5f0_05.jpg,top,sweater,casual,casual,casual_basic|soft,unknown,single_layer,unknown,unknown,unknown,solid,style_top|sweater|casual|unknown|unknown|casual_basic+soft
auto_style_004315,needs_review,0.69,color_mood_unknown|fit_unknown|silhouette_unknown|color_family_unknown,p_9b95a966c59a,p_9b95a966c59a_06,train,redacted/deepfashion_with_masks_balanced_10_20/p_9b95a966c59a_06.jpg,top,tank,casual,casual,casual_basic,unknown,single_layer,unknown,unknown,unknown,solid,style_top|tank|casual|unknown|unknown|casual_basic
auto_style_004317,needs_review,0.69,color_mood_unknown|fit_unknown|silhouette_unknown|color_family_unknown,p_d13381ab5477,p_d13381ab5477_10,train,redacted/deepfashion_with_masks_balanced_10_20/p_d13381ab5477_10.jpg,top,blouse,casual,casual,classic|minimal,unknown,single_layer,unknown,unknown,unknown,solid,style_top|blouse|casual|unknown|unknown|classic+minimal
auto_style_004322,needs_review,0.69,color_mood_unknown|fit_unknown|silhouette_unknown|color_family_unknown,p_bacd4b5eb5b9,p_bacd4b5eb5b9_12,train,redacted/deepfashion_with_masks_balanced_10_20/p_bacd4b5eb5b9_12.jpg,top,tank,casual,casual,casual_basic,unknown,single_layer,unknown,unknown,unknown,solid,style_top|tank|casual|unknown|unknown|casual_basic
auto_style_004327,needs_review,0.69,color_mood_unknown|fit_unknown|silhouette_unknown|color_family_unknown,p_9e3ce1caae7c,p_9e3ce1caae7c_11,train,redacted/deepfashion_with_masks_balanced_10_20/p_9e3ce1caae7c_11.jpg,top,sweater,casual,casual,casual_basic|soft,unknown,single_layer,unknown,unknown,unknown,solid,style_top|sweater|casual|unknown|unknown|casual_basic+soft
auto_style_004335,needs_review,0.69,color_mood_unknown|fit_unknown|silhouette_unknown|color_family_unknown,p_c4cc87e06998,p_c4cc87e06998_11,train,redacted/deepfashion_with_masks_balanced_10_20/p_c4cc87e06998_11.jpg,top,sweater,casual,casual,casual_basic|soft,unknown,single_layer,unknown,unknown,unknown,solid,style_top|sweater|casual|unknown|unknown|casual_basic+soft
auto_style_004344,needs_review,0.69,color_mood_unknown|fit_unknown|silhouette_unknown|color_family_unknown,p_ffdfe74c2f4b,p_ffdfe74c2f4b_07,train,redacted/deepfashion_with_masks_balanced_10_20/p_ffdfe74c2f4b_07.jpg,top,tank,casual,casual,casual_basic,unknown,single_layer,unknown,unknown,unknown,solid,style_top|tank|casual|unknown|unknown|casual_basic
auto_style_004348,needs_review,0.69,color_mood_unknown|fit_unknown|silhouette_unknown|color_family_unknown,p_f543eadbbd71,p_f543eadbbd71_13,train,redacted/deepfashion_with_masks_balanced_10_20/p_f543eadbbd71_13.jpg,top,tank,casual,casual,casual_basic,unknown,single_layer,unknown,unknown,unknown,solid,style_top|tank|casual|unknown|unknown|casual_basic
auto_style_004352,needs_review,0.69,color_mood_unknown|fit_unknown|silhouette_unknown|color_family_unknown,p_bacd4b5eb5b9,p_bacd4b5eb5b9_13,train,redacted/deepfashion_with_masks_balanced_10_20/p_bacd4b5eb5b9_13.jpg,top,tank,casual,casual,casual_basic,unknown,single_layer,unknown,unknown,unknown,solid,style_top|tank|casual|unknown|unknown|casual_basic
auto_style_004362,needs_review,0.69,color_mood_unknown|fit_unknown|silhouette_unknown|color_family_unknown,p_a6deb658ecb3,p_a6deb658ecb3_06,train,redacted/deepfashion_with_masks_balanced_10_20/p_a6deb658ecb3_06.jpg,top,blouse,casual,casual,classic|minimal,unknown,single_layer,unknown,unknown,unknown,solid,style_top|blouse|casual|unknown|unknown|classic+minimal
auto_style_004372,needs_review,0.69,color_mood_unknown|fit_unknown|silhouette_unknown|color_family_unknown,p_ce84314e28f5,p_ce84314e28f5_13,train,redacted/deepfashion_with_masks_balanced_10_20/p_ce84314e28f5_13.jpg,top,tank,casual,casual,casual_basic,unknown,single_layer,unknown,unknown,unknown,solid,style_top|tank|casual|unknown|unknown|casual_basic
auto_style_004376,needs_review,0.69,color_mood_unknown|fit_unknown|silhouette_unknown|color_family_unknown,p_6e6799f782ec,p_6e6799f782ec_07,train,redacted/deepfashion_with_masks_balanced_10_20/p_6e6799f782ec_07.jpg,top,tank,casual,casual,casual_basic,unknown,single_layer,unknown,unknown,unknown,solid,style_top|tank|casual|unknown|unknown|casual_basic
auto_style_004378,needs_review,0.69,color_mood_unknown|fit_unknown|silhouette_unknown|color_family_unknown,p_9916df2da975,p_9916df2da975_16,train,redacted/deepfashion_with_masks_balanced_10_20/p_9916df2da975_16.jpg,top,tank,casual,casual,casual_basic,unknown,single_layer,unknown,unknown,unknown,stripe,style_top|tank|casual|unknown|unknown|casual_basic
auto_style_004387,needs_review,0.69,color_mood_unknown|fit_unknown|silhouette_unknown|color_family_unknown,p_ed5e94f8c2f5,p_ed5e94f8c2f5_13,train,redacted/deepfashion_with_masks_balanced_10_20/p_ed5e94f8c2f5_13.jpg,top,tank,casual,casual,casual_basic,unknown,single_layer,unknown,unknown,unknown,solid,style_top|tank|casual|unknown|unknown|casual_basic
auto_style_004390,needs_review,0.69,color_mood_unknown|fit_unknown|silhouette_unknown|color_family_unknown,p_b14e071f7c80,p_b14e071f7c80_07,train,redacted/deepfashion_with_masks_balanced_10_20/p_b14e071f7c80_07.jpg,top,sweater,casual,casual,casual_basic|soft,unknown,single_layer,unknown,unknown,unknown,solid,style_top|sweater|casual|unknown|unknown|casual_basic+soft
auto_style_004398,needs_review,0.69,color_mood_unknown|fit_unknown|silhouette_unknown|color_family_unknown,p_cc73165c1cc7,p_cc73165c1cc7_07,train,redacted/deepfashion_with_masks_balanced_10_20/p_cc73165c1cc7_07.jpg,top,tank,casual,casual,casual_basic,unknown,single_layer,unknown,unknown,unknown,solid,style_top|tank|casual|unknown|unknown|casual_basic
auto_style_004421,needs_review,0.69,color_mood_unknown|fit_unknown|silhouette_unknown|color_family_unknown,p_2e1f3f512fef,p_2e1f3f512fef_06,train,redacted/deepfashion_with_masks_balanced_10_20/p_2e1f3f512fef_06.jpg,top,tank,casual,casual,casual_basic,unknown,single_layer,unknown,unknown,unknown,solid,style_top|tank|casual|unknown|unknown|casual_basic
auto_style_004423,needs_review,0.69,color_mood_unknown|fit_unknown|silhouette_unknown|color_family_unknown,p_f543eadbbd71,p_f543eadbbd71_14,train,redacted/deepfashion_with_masks_balanced_10_20/p_f543eadbbd71_14.jpg,top,tank,casual,casual,casual_basic,unknown,single_layer,unknown,unknown,unknown,solid,style_top|tank|casual|unknown|unknown|casual_basic
auto_style_004436,needs_review,0.69,color_mood_unknown|fit_unknown|silhouette_unknown|color_family_unknown,p_ab07fc27f838,p_ab07fc27f838_09,train,redacted/deepfashion_with_masks_balanced_10_20/p_ab07fc27f838_09.jpg,top,sweater,casual,casual,casual_basic|soft,unknown,single_layer,unknown,unknown,unknown,solid,style_top|sweater|casual|unknown|unknown|casual_basic+soft
auto_style_004439,needs_review,0.69,color_mood_unknown|fit_unknown|silhouette_unknown|color_family_unknown,p_45ad57992241,p_45ad57992241_07,train,redacted/deepfashion_with_masks_balanced_10_20/p_45ad57992241_07.jpg,top,blouse,casual,casual,classic|minimal,unknown,single_layer,unknown,unknown,unknown,solid,style_top|blouse|casual|unknown|unknown|classic+minimal
auto_style_004444,needs_review,0.69,color_mood_unknown|fit_unknown|silhouette_unknown|color_family_unknown,p_7addef2bbfae,p_7addef2bbfae_13,train,redacted/deepfashion_with_masks_balanced_10_20/p_7addef2bbfae_13.jpg,top,blouse,casual,casual,classic|minimal,unknown,single_layer,unknown,unknown,unknown,solid,style_top|blouse|casual|unknown|unknown|classic+minimal
auto_style_004445,needs_review,0.69,color_mood_unknown|fit_unknown|silhouette_unknown|color_family_unknown,p_bebd9bd2844c,p_bebd9bd2844c_05,train,redacted/deepfashion_with_masks_balanced_10_20/p_bebd9bd2844c_05.jpg,top,blouse,casual,casual,classic|minimal,unknown,single_layer,unknown,unknown,unknown,solid,style_top|blouse|casual|unknown|unknown|classic+minimal
auto_style_004447,needs_review,0.66,color_mood_unknown|fit_unknown|silhouette_unknown|color_family_unknown,p_97320b58d532,p_97320b58d532_08,train,redacted/deepfashion_with_masks_balanced_10_20/p_97320b58d532_08.jpg,top,cardigan,casual,casual,casual_basic|soft,unknown,light_layering,unknown,unknown,unknown,solid,style_top|cardigan|casual|unknown|unknown|casual_basic+soft
auto_style_004453,needs_review,0.69,color_mood_unknown|fit_unknown|silhouette_unknown|color_family_unknown,p_aa2c5e36193e,p_aa2c5e36193e_06,train,redacted/deepfashion_with_masks_balanced_10_20/p_aa2c5e36193e_06.jpg,top,blouse,casual,casual,classic|minimal,unknown,single_layer,unknown,unknown,unknown,floral,style_top|blouse|casual|unknown|unknown|classic+minimal
auto_style_004459,needs_review,0.69,color_mood_unknown|fit_unknown|silhouette_unknown|color_family_unknown,p_2e1f3f512fef,p_2e1f3f512fef_07,train,redacted/deepfashion_with_masks_balanced_10_20/p_2e1f3f512fef_07.jpg,top,tank,casual,casual,casual_basic,unknown,single_layer,unknown,unknown,unknown,stripe,style_top|tank|casual|unknown|unknown|casual_basic
auto_style_004486,needs_review,0.69,color_mood_unknown|fit_unknown|silhouette_unknown|color_family_unknown,p_c2a7c8940e3b,p_c2a7c8940e3b_11,train,redacted/deepfashion_with_masks_balanced_10_20/p_c2a7c8940e3b_11.jpg,top,sweater,casual,casual,casual_basic|soft,unknown,single_layer,unknown,unknown,unknown,solid,style_top|sweater|casual|unknown|unknown|casual_basic+soft
auto_style_004495,needs_review,0.69,color_mood_unknown|fit_unknown|silhouette_unknown|color_family_unknown,p_1f2aa821bb4c,p_1f2aa821bb4c_09,train,redacted/deepfashion_with_masks_balanced_10_20/p_1f2aa821bb4c_09.jpg,top,tank,casual,casual,casual_basic,unknown,single_layer,unknown,unknown,unknown,stripe,style_top|tank|casual|unknown|unknown|casual_basic
auto_style_004502,needs_review,0.66,color_mood_unknown|fit_unknown|silhouette_unknown|color_family_unknown,p_dacb5c4669f8,p_dacb5c4669f8_12,train,redacted/deepfashion_with_masks_balanced_10_20/p_dacb5c4669f8_12.jpg,outerwear,denim_jacket,casual,casual,casual_basic,unknown,light_layering,unknown,unknown,unknown,plaid,style_outerwear|denim_jacket|casual|unknown|unknown|casual_basic
auto_style_004511,needs_review,0.69,color_mood_unknown|fit_unknown|silhouette_unknown|color_family_unknown,p_00cbc89fb4b1,p_00cbc89fb4b1_08,train,redacted/deepfashion_with_masks_balanced_10_20/p_00cbc89fb4b1_08.jpg,dress_jumpsuit,midi_dress,casual,casual,classic|romantic,unknown,single_layer,unknown,unknown,unknown,solid,style_dress_jumpsuit|midi_dress|casual|unknown|unknown|classic+romantic
auto_style_004523,needs_review,0.69,color_mood_unknown|fit_unknown|silhouette_unknown|color_family_unknown,p_f7e9a4e8becc,p_f7e9a4e8becc_17,train,redacted/deepfashion_with_masks_balanced_10_20/p_f7e9a4e8becc_17.jpg,top,tank,casual,casual,casual_basic,unknown,single_layer,unknown,unknown,unknown,solid,style_top|tank|casual|unknown|unknown|casual_basic
auto_style_004526,needs_review,0.69,color_mood_unknown|fit_unknown|silhouette_unknown|color_family_unknown,p_ae7b5f0d8e63,p_ae7b5f0d8e63_15,train,redacted/deepfashion_with_masks_balanced_10_20/p_ae7b5f0d8e63_15.jpg,dress_jumpsuit,midi_dress,casual,casual,classic|romantic,unknown,single_layer,unknown,unknown,unknown,solid,style_dress_jumpsuit|midi_dress|casual|unknown|unknown|classic+romantic
auto_style_004528,needs_review,0.69,color_mood_unknown|fit_unknown|silhouette_unknown|color_family_unknown,p_d2b98093e34b,p_d2b98093e34b_09,train,redacted/deepfashion_with_masks_balanced_10_20/p_d2b98093e34b_09.jpg,top,blouse,casual,casual,classic|minimal,unknown,single_layer,unknown,unknown,unknown,solid,style_top|blouse|casual|unknown|unknown|classic+minimal
auto_style_004538,needs_review,0.69,color_mood_unknown|fit_unknown|silhouette_unknown|color_family_unknown,p_cf74eabb8a1d,p_cf74eabb8a1d_09,train,redacted/deepfashion_with_masks_balanced_10_20/p_cf74eabb8a1d_09.jpg,top,sweater,casual,casual,casual_basic|soft,unknown,single_layer,unknown,unknown,unknown,solid,style_top|sweater|casual|unknown|unknown|casual_basic+soft
auto_style_004555,needs_review,0.69,color_mood_unknown|fit_unknown|silhouette_unknown|color_family_unknown,p_a6deb658ecb3,p_a6deb658ecb3_07,train,redacted/deepfashion_with_masks_balanced_10_20/p_a6deb658ecb3_07.jpg,top,blouse,casual,casual,classic|minimal,unknown,single_layer,unknown,unknown,unknown,solid,style_top|blouse|casual|unknown|unknown|classic+minimal
auto_style_004556,needs_review,0.69,color_mood_unknown|fit_unknown|silhouette_unknown|color_family_unknown,p_dc1124d71733,p_dc1124d71733_11,train,redacted/deepfashion_with_masks_balanced_10_20/p_dc1124d71733_11.jpg,top,tank,casual,casual,casual_basic,unknown,single_layer,unknown,unknown,unknown,stripe,style_top|tank|casual|unknown|unknown|casual_basic
auto_style_004558,needs_review,0.66,color_mood_unknown|fit_unknown|silhouette_unknown|color_family_unknown,p_7f17e672a3ac,p_7f17e672a3ac_05,train,redacted/deepfashion_with_masks_balanced_10_20/p_7f17e672a3ac_05.jpg,dress_jumpsuit,romper,casual,casual,classic|romantic,unknown,single_layer,unknown,unknown,unknown,solid,style_dress_jumpsuit|romper|casual|unknown|unknown|classic+romantic
auto_style_004565,needs_review,0.69,color_mood_unknown|fit_unknown|silhouette_unknown|color_family_unknown,p_f543eadbbd71,p_f543eadbbd71_15,train,redacted/deepfashion_with_masks_balanced_10_20/p_f543eadbbd71_15.jpg,top,tank,casual,casual,casual_basic,unknown,single_layer,unknown,unknown,unknown,solid,style_top|tank|casual|unknown|unknown|casual_basic
auto_style_004566,needs_review,0.69,color_mood_unknown|fit_unknown|silhouette_unknown|color_family_unknown,p_d079b122ca77,p_d079b122ca77_06,train,redacted/deepfashion_with_masks_balanced_10_20/p_d079b122ca77_06.jpg,top,tank,casual,casual,casual_basic,unknown,single_layer,unknown,unknown,unknown,solid,style_top|tank|casual|unknown|unknown|casual_basic
auto_style_004571,needs_review,0.69,color_mood_unknown|fit_unknown|silhouette_unknown|color_family_unknown,p_42fb33dca4f2,p_42fb33dca4f2_09,train,redacted/deepfashion_with_masks_balanced_10_20/p_42fb33dca4f2_09.jpg,top,tank,casual,casual,casual_basic,unknown,single_layer,unknown,unknown,unknown,stripe,style_top|tank|casual|unknown|unknown|casual_basic
auto_style_004575,needs_review,0.69,color_mood_unknown|fit_unknown|silhouette_unknown|color_family_unknown,p_44b6db537fe0,p_44b6db537fe0_07,train,redacted/deepfashion_with_masks_balanced_10_20/p_44b6db537fe0_07.jpg,dress_jumpsuit,midi_dress,casual,casual,classic|romantic,unknown,single_layer,unknown,unknown,unknown,solid,style_dress_jumpsuit|midi_dress|casual|unknown|unknown|classic+romantic
auto_style_004580,needs_review,0.69,color_mood_unknown|fit_unknown|silhouette_unknown|color_family_unknown,p_b517bc0acd5f,p_b517bc0acd5f_07,train,redacted/deepfashion_with_masks_balanced_10_20/p_b517bc0acd5f_07.jpg,top,sweater,casual,casual,casual_basic|soft,unknown,single_layer,unknown,unknown,unknown,solid,style_top|sweater|casual|unknown|unknown|casual_basic+soft
auto_style_004604,needs_review,0.69,color_mood_unknown|fit_unknown|silhouette_unknown|color_family_unknown,p_1f2aa821bb4c,p_1f2aa821bb4c_10,train,redacted/deepfashion_with_masks_balanced_10_20/p_1f2aa821bb4c_10.jpg,top,tank,casual,casual,casual_basic,unknown,single_layer,unknown,unknown,unknown,stripe,style_top|tank|casual|unknown|unknown|casual_basic
auto_style_004605,needs_review,0.69,color_mood_unknown|fit_unknown|silhouette_unknown|color_family_unknown,p_86762bf4eb4b,p_86762bf4eb4b_09,train,redacted/deepfashion_with_masks_balanced_10_20/p_86762bf4eb4b_09.jpg,dress_jumpsuit,midi_dress,casual,casual,classic|romantic,unknown,single_layer,unknown,unknown,unknown,solid,style_dress_jumpsuit|midi_dress|casual|unknown|unknown|classic+romantic
auto_style_004610,needs_review,0.69,color_mood_unknown|fit_unknown|silhouette_unknown|color_family_unknown,p_9e3ce1caae7c,p_9e3ce1caae7c_13,train,redacted/deepfashion_with_masks_balanced_10_20/p_9e3ce1caae7c_13.jpg,top,sweater,casual,casual,casual_basic|soft,unknown,single_layer,unknown,unknown,unknown,solid,style_top|sweater|casual|unknown|unknown|casual_basic+soft
auto_style_004624,needs_review,0.69,color_mood_unknown|fit_unknown|silhouette_unknown|color_family_unknown,p_d9e04d5b8d3c,p_d9e04d5b8d3c_10,train,redacted/deepfashion_with_masks_balanced_10_20/p_d9e04d5b8d3c_10.jpg,dress_jumpsuit,midi_dress,casual,casual,classic|romantic,unknown,single_layer,unknown,unknown,unknown,solid,style_dress_jumpsuit|midi_dress|casual|unknown|unknown|classic+romantic
auto_style_004642,needs_review,0.69,color_mood_unknown|fit_unknown|silhouette_unknown|color_family_unknown,p_aa2c5e36193e,p_aa2c5e36193e_07,train,redacted/deepfashion_with_masks_balanced_10_20/p_aa2c5e36193e_07.jpg,top,blouse,casual,casual,classic|minimal,unknown,single_layer,unknown,unknown,unknown,floral,style_top|blouse|casual|unknown|unknown|classic+minimal
auto_style_004643,needs_review,0.69,color_mood_unknown|fit_unknown|silhouette_unknown|color_family_unknown,p_26636483d25f,p_26636483d25f_11,train,redacted/deepfashion_with_masks_balanced_10_20/p_26636483d25f_11.jpg,top,sweater,casual,casual,casual_basic|soft,unknown,single_layer,unknown,unknown,unknown,solid,style_top|sweater|casual|unknown|unknown|casual_basic+soft
auto_style_004652,needs_review,0.69,color_mood_unknown|fit_unknown|silhouette_unknown|color_family_unknown,p_f09f91955808,p_f09f91955808_08,train,redacted/deepfashion_with_masks_balanced_10_20/p_f09f91955808_08.jpg,top,tank,casual,casual,casual_basic,unknown,single_layer,unknown,unknown,unknown,solid,style_top|tank|casual|unknown|unknown|casual_basic
auto_style_004659,needs_review,0.69,color_mood_unknown|fit_unknown|silhouette_unknown|color_family_unknown,p_b89841741328,p_b89841741328_07,train,redacted/deepfashion_with_masks_balanced_10_20/p_b89841741328_07.jpg,top,tank,casual,casual,casual_basic,unknown,single_layer,unknown,unknown,unknown,stripe,style_top|tank|casual|unknown|unknown|casual_basic
auto_style_004660,needs_review,0.66,color_mood_unknown|fit_unknown|silhouette_unknown|color_family_unknown,p_da93dc243f2e,p_da93dc243f2e_06,train,redacted/deepfashion_with_masks_balanced_10_20/p_da93dc243f2e_06.jpg,top,cardigan,casual,casual,casual_basic|soft,unknown,light_layering,unknown,unknown,unknown,solid,style_top|cardigan|casual|unknown|unknown|casual_basic+soft
auto_style_004665,needs_review,0.69,color_mood_unknown|fit_unknown|silhouette_unknown|color_family_unknown,p_15bfaece4c21,p_15bfaece4c21_09,train,redacted/deepfashion_with_masks_balanced_10_20/p_15bfaece4c21_09.jpg,top,tank,casual,casual,casual_basic,unknown,single_layer,unknown,unknown,unknown,solid,style_top|tank|casual|unknown|unknown|casual_basic
auto_style_004670,needs_review,0.69,color_mood_unknown|fit_unknown|silhouette_unknown|color_family_unknown,p_b1909b077f20,p_b1909b077f20_15,train,redacted/deepfashion_with_masks_balanced_10_20/p_b1909b077f20_15.jpg,top,sweater,casual,casual,casual_basic|soft,unknown,single_layer,unknown,unknown,unknown,solid,style_top|sweater|casual|unknown|unknown|casual_basic+soft
auto_style_004680,needs_review,0.69,color_mood_unknown|fit_unknown|silhouette_unknown|color_family_unknown,p_b14e071f7c80,p_b14e071f7c80_08,train,redacted/deepfashion_with_masks_balanced_10_20/p_b14e071f7c80_08.jpg,top,sweater,casual,casual,casual_basic|soft,unknown,single_layer,unknown,unknown,unknown,solid,style_top|sweater|casual|unknown|unknown|casual_basic+soft
auto_style_004681,needs_review,0.66,color_mood_unknown|fit_unknown|silhouette_unknown|color_family_unknown,p_da93dc243f2e,p_da93dc243f2e_07,train,redacted/deepfashion_with_masks_balanced_10_20/p_da93dc243f2e_07.jpg,top,cardigan,casual,casual,casual_basic|soft,unknown,light_layering,unknown,unknown,unknown,solid,style_top|cardigan|casual|unknown|unknown|casual_basic+soft
auto_style_004684,needs_review,0.69,color_mood_unknown|fit_unknown|silhouette_unknown|color_family_unknown,p_1945bdac02c0,p_1945bdac02c0_10,train,redacted/deepfashion_with_masks_balanced_10_20/p_1945bdac02c0_10.jpg,top,tank,casual,casual,casual_basic,unknown,single_layer,unknown,unknown,unknown,solid,style_top|tank|casual|unknown|unknown|casual_basic
auto_style_004702,needs_review,0.69,color_mood_unknown|fit_unknown|silhouette_unknown|color_family_unknown,p_b9eb072fb1ef,p_b9eb072fb1ef_15,train,redacted/deepfashion_with_masks_balanced_10_20/p_b9eb072fb1ef_15.jpg,top,tank,casual,casual,casual_basic,unknown,single_layer,unknown,unknown,unknown,solid,style_top|tank|casual|unknown|unknown|casual_basic
auto_style_004706,needs_review,0.69,color_mood_unknown|fit_unknown|silhouette_unknown|color_family_unknown,p_fc67ad8d0090,p_fc67ad8d0090_13,train,redacted/deepfashion_with_masks_balanced_10_20/p_fc67ad8d0090_13.jpg,top,tank,casual,casual,casual_basic,unknown,single_layer,unknown,unknown,unknown,stripe,style_top|tank|casual|unknown|unknown|casual_basic
auto_style_004711,needs_review,0.69,color_mood_unknown|fit_unknown|silhouette_unknown|color_family_unknown,p_00cbc89fb4b1,p_00cbc89fb4b1_10,train,redacted/deepfashion_with_masks_balanced_10_20/p_00cbc89fb4b1_10.jpg,dress_jumpsuit,midi_dress,casual,casual,classic|romantic,unknown,single_layer,unknown,unknown,unknown,solid,style_dress_jumpsuit|midi_dress|casual|unknown|unknown|classic+romantic
auto_style_004718,needs_review,0.69,color_mood_unknown|fit_unknown|silhouette_unknown|color_family_unknown,p_5469168c6733,p_5469168c6733_05,train,redacted/deepfashion_with_masks_balanced_10_20/p_5469168c6733_05.jpg,top,tank,casual,casual,casual_basic,unknown,single_layer,unknown,unknown,unknown,solid,style_top|tank|casual|unknown|unknown|casual_basic
auto_style_004723,needs_review,0.69,color_mood_unknown|fit_unknown|silhouette_unknown|color_family_unknown,p_4f75b64cbe8d,p_4f75b64cbe8d_10,train,redacted/deepfashion_with_masks_balanced_10_20/p_4f75b64cbe8d_10.jpg,top,blouse,casual,casual,classic|minimal,unknown,single_layer,unknown,unknown,unknown,solid,style_top|blouse|casual|unknown|unknown|classic+minimal
auto_style_004728,needs_review,0.69,color_mood_unknown|fit_unknown|silhouette_unknown|color_family_unknown,p_aa2c5e36193e,p_aa2c5e36193e_09,train,redacted/deepfashion_with_masks_balanced_10_20/p_aa2c5e36193e_09.jpg,top,blouse,casual,casual,classic|minimal,unknown,single_layer,unknown,unknown,unknown,solid,style_top|blouse|casual|unknown|unknown|classic+minimal
auto_style_004732,needs_review,0.69,color_mood_unknown|fit_unknown|silhouette_unknown|color_family_unknown,p_fb3d98bc99da,p_fb3d98bc99da_10,train,redacted/deepfashion_with_masks_balanced_10_20/p_fb3d98bc99da_10.jpg,top,tank,casual,casual,casual_basic,unknown,single_layer,unknown,unknown,unknown,solid,style_top|tank|casual|unknown|unknown|casual_basic
auto_style_004737,needs_review,0.66,color_mood_unknown|fit_unknown|silhouette_unknown|color_family_unknown,p_a23e9f5aacda,p_a23e9f5aacda_07,train,redacted/deepfashion_with_masks_balanced_10_20/p_a23e9f5aacda_07.jpg,dress_jumpsuit,romper,casual,casual,classic|romantic,unknown,single_layer,unknown,unknown,unknown,solid,style_dress_jumpsuit|romper|casual|unknown|unknown|classic+romantic
auto_style_004740,needs_review,0.66,color_mood_unknown|fit_unknown|silhouette_unknown|color_family_unknown,p_e3e16c8e51cb,p_e3e16c8e51cb_07,train,redacted/deepfashion_with_masks_balanced_10_20/p_e3e16c8e51cb_07.jpg,top,cardigan,casual,casual,casual_basic|soft,unknown,light_layering,unknown,unknown,unknown,solid,style_top|cardigan|casual|unknown|unknown|casual_basic+soft
auto_style_004741,needs_review,0.69,color_mood_unknown|fit_unknown|silhouette_unknown|color_family_unknown,p_fca05182bc0f,p_fca05182bc0f_06,train,redacted/deepfashion_with_masks_balanced_10_20/p_fca05182bc0f_06.jpg,top,tank,casual,casual,casual_basic,unknown,single_layer,unknown,unknown,unknown,solid,style_top|tank|casual|unknown|unknown|casual_basic
auto_style_004752,needs_review,0.69,color_mood_unknown|fit_unknown|silhouette_unknown|color_family_unknown,p_5437c4377c7b,p_5437c4377c7b_12,train,redacted/deepfashion_with_masks_balanced_10_20/p_5437c4377c7b_12.jpg,top,tank,casual,casual,casual_basic,unknown,single_layer,unknown,unknown,unknown,solid,style_top|tank|casual|unknown|unknown|casual_basic
auto_style_004755,needs_review,0.69,color_mood_unknown|fit_unknown|silhouette_unknown|color_family_unknown,p_fa84dd93d7a2,p_fa84dd93d7a2_10,train,redacted/deepfashion_with_masks_balanced_10_20/p_fa84dd93d7a2_10.jpg,dress_jumpsuit,midi_dress,casual,casual,classic|romantic,unknown,single_layer,unknown,unknown,unknown,solid,style_dress_jumpsuit|midi_dress|casual|unknown|unknown|classic+romantic
auto_style_004763,needs_review,0.69,color_mood_unknown|fit_unknown|silhouette_unknown|color_family_unknown,p_42bcc8c64308,p_42bcc8c64308_07,train,redacted/deepfashion_with_masks_balanced_10_20/p_42bcc8c64308_07.jpg,top,tank,casual,casual,casual_basic,unknown,single_layer,unknown,unknown,unknown,solid,style_top|tank|casual|unknown|unknown|casual_basic
auto_style_004772,needs_review,0.69,color_mood_unknown|fit_unknown|silhouette_unknown|color_family_unknown,p_c010af0ada5f,p_c010af0ada5f_05,train,redacted/deepfashion_with_masks_balanced_10_20/p_c010af0ada5f_05.jpg,top,tank,casual,casual,casual_basic,unknown,single_layer,unknown,unknown,unknown,stripe,style_top|tank|casual|unknown|unknown|casual_basic
auto_style_004783,needs_review,0.69,color_mood_unknown|fit_unknown|silhouette_unknown|color_family_unknown,p_bf039839b525,p_bf039839b525_17,train,redacted/deepfashion_with_masks_balanced_10_20/p_bf039839b525_17.jpg,top,sweater,casual,casual,casual_basic|soft,unknown,single_layer,unknown,unknown,unknown,solid,style_top|sweater|casual|unknown|unknown|casual_basic+soft
auto_style_004786,needs_review,0.69,color_mood_unknown|fit_unknown|silhouette_unknown|color_family_unknown,p_eedf91627507,p_eedf91627507_14,train,redacted/deepfashion_with_masks_balanced_10_20/p_eedf91627507_14.jpg,top,sweater,casual,casual,casual_basic|soft,unknown,single_layer,unknown,unknown,unknown,solid,style_top|sweater|casual|unknown|unknown|casual_basic+soft
auto_style_004790,needs_review,0.69,color_mood_unknown|fit_unknown|silhouette_unknown|color_family_unknown,p_b1592779465c,p_b1592779465c_16,train,redacted/deepfashion_with_masks_balanced_10_20/p_b1592779465c_16.jpg,top,tank,casual,casual,casual_basic,unknown,single_layer,unknown,unknown,unknown,solid,style_top|tank|casual|unknown|unknown|casual_basic
auto_style_004796,needs_review,0.69,color_mood_unknown|fit_unknown|silhouette_unknown|color_family_unknown,p_d513a228f240,p_d513a228f240_11,train,redacted/deepfashion_with_masks_balanced_10_20/p_d513a228f240_11.jpg,top,sweater,casual,casual,casual_basic|soft,unknown,single_layer,unknown,unknown,unknown,solid,style_top|sweater|casual|unknown|unknown|casual_basic+soft
auto_style_004801,needs_review,0.69,color_mood_unknown|fit_unknown|silhouette_unknown|color_family_unknown,p_ecd1d4c5d5f0,p_ecd1d4c5d5f0_06,train,redacted/deepfashion_with_masks_balanced_10_20/p_ecd1d4c5d5f0_06.jpg,top,sweater,casual,casual,casual_basic|soft,unknown,single_layer,unknown,unknown,unknown,solid,style_top|sweater|casual|unknown|unknown|casual_basic+soft
auto_style_004804,needs_review,0.69,color_mood_unknown|fit_unknown|silhouette_unknown|color_family_unknown,p_26636483d25f,p_26636483d25f_13,train,redacted/deepfashion_with_masks_balanced_10_20/p_26636483d25f_13.jpg,top,sweater,casual,casual,casual_basic|soft,unknown,single_layer,unknown,unknown,unknown,solid,style_top|sweater|casual|unknown|unknown|casual_basic+soft
auto_style_004807,needs_review,0.69,color_mood_unknown|fit_unknown|silhouette_unknown|color_family_unknown,p_b1592779465c,p_b1592779465c_17,train,redacted/deepfashion_with_masks_balanced_10_20/p_b1592779465c_17.jpg,top,tank,casual,casual,casual_basic,unknown,single_layer,unknown,unknown,unknown,solid,style_top|tank|casual|unknown|unknown|casual_basic
auto_style_004810,needs_review,0.66,color_mood_unknown|fit_unknown|silhouette_unknown|color_family_unknown,p_def286b5b875,p_def286b5b875_09,train,redacted/deepfashion_with_masks_balanced_10_20/p_def286b5b875_09.jpg,dress_jumpsuit,romper,casual,casual,classic|romantic,unknown,single_layer,unknown,unknown,unknown,solid,style_dress_jumpsuit|romper|casual|unknown|unknown|classic+romantic
auto_style_004822,needs_review,0.69,color_mood_unknown|fit_unknown|silhouette_unknown|color_family_unknown,p_70472ce8e716,p_70472ce8e716_12,train,redacted/deepfashion_with_masks_balanced_10_20/p_70472ce8e716_12.jpg,top,tank,casual,casual,casual_basic,unknown,single_layer,unknown,unknown,unknown,solid,style_top|tank|casual|unknown|unknown|casual_basic
auto_style_004825,needs_review,0.69,color_mood_unknown|fit_unknown|silhouette_unknown|color_family_unknown,p_b1909b077f20,p_b1909b077f20_16,train,redacted/deepfashion_with_masks_balanced_10_20/p_b1909b077f20_16.jpg,top,sweater,casual,casual,casual_basic|soft,unknown,single_layer,unknown,unknown,unknown,solid,style_top|sweater|casual|unknown|unknown|casual_basic+soft
auto_style_004828,needs_review,0.69,color_mood_unknown|fit_unknown|silhouette_unknown|color_family_unknown,p_330d9056eed4,p_330d9056eed4_13,train,redacted/deepfashion_with_masks_balanced_10_20/p_330d9056eed4_13.jpg,top,sweater,casual,casual,casual_basic|soft,unknown,single_layer,unknown,unknown,unknown,solid,style_top|sweater|casual|unknown|unknown|casual_basic+soft
auto_style_004837,needs_review,0.66,color_mood_unknown|fit_unknown|silhouette_unknown|color_family_unknown,p_2b8142e4aaf3,p_2b8142e4aaf3_09,train,redacted/deepfashion_with_masks_balanced_10_20/p_2b8142e4aaf3_09.jpg,top,cardigan,casual,casual,casual_basic|soft,unknown,light_layering,unknown,unknown,unknown,solid,style_top|cardigan|casual|unknown|unknown|casual_basic+soft
auto_style_004847,needs_review,0.66,color_mood_unknown|fit_unknown|silhouette_unknown|color_family_unknown,p_1bcb6ee0e7e6,p_1bcb6ee0e7e6_07,train,redacted/deepfashion_with_masks_balanced_10_20/p_1bcb6ee0e7e6_07.jpg,dress_jumpsuit,romper,casual,casual,classic|romantic,unknown,single_layer,unknown,unknown,unknown,stripe,style_dress_jumpsuit|romper|casual|unknown|unknown|classic+romantic
auto_style_004854,needs_review,0.69,color_mood_unknown|fit_unknown|silhouette_unknown|color_family_unknown,p_9f6204a253d7,p_9f6204a253d7_11,train,redacted/deepfashion_with_masks_balanced_10_20/p_9f6204a253d7_11.jpg,dress_jumpsuit,midi_dress,casual,casual,classic|romantic,unknown,single_layer,unknown,unknown,unknown,solid,style_dress_jumpsuit|midi_dress|casual|unknown|unknown|classic+romantic
auto_style_004869,needs_review,0.69,color_mood_unknown|fit_unknown|silhouette_unknown|color_family_unknown,p_156b1465ef26,p_156b1465ef26_10,train,redacted/deepfashion_with_masks_balanced_10_20/p_156b1465ef26_10.jpg,top,tank,casual,casual,casual_basic,unknown,single_layer,unknown,unknown,unknown,solid,style_top|tank|casual|unknown|unknown|casual_basic
auto_style_004885,needs_review,0.69,color_mood_unknown|fit_unknown|silhouette_unknown|color_family_unknown,p_bebd9bd2844c,p_bebd9bd2844c_06,train,redacted/deepfashion_with_masks_balanced_10_20/p_bebd9bd2844c_06.jpg,top,blouse,casual,casual,classic|minimal,unknown,single_layer,unknown,unknown,unknown,solid,style_top|blouse|casual|unknown|unknown|classic+minimal
auto_style_004886,needs_review,0.69,color_mood_unknown|fit_unknown|silhouette_unknown|color_family_unknown,p_eedf91627507,p_eedf91627507_16,train,redacted/deepfashion_with_masks_balanced_10_20/p_eedf91627507_16.jpg,top,sweater,casual,casual,casual_basic|soft,unknown,single_layer,unknown,unknown,unknown,solid,style_top|sweater|casual|unknown|unknown|casual_basic+soft
auto_style_004889,needs_review,0.69,color_mood_unknown|fit_unknown|silhouette_unknown|color_family_unknown,p_ea3b6e24cf6f,p_ea3b6e24cf6f_08,train,redacted/deepfashion_with_masks_balanced_10_20/p_ea3b6e24cf6f_08.jpg,top,sweater,casual,casual,casual_basic|soft,unknown,single_layer,unknown,unknown,unknown,solid,style_top|sweater|casual|unknown|unknown|casual_basic+soft
auto_style_004907,needs_review,0.69,color_mood_unknown|fit_unknown|silhouette_unknown|color_family_unknown,p_70a46de0c3c4,p_70a46de0c3c4_10,train,redacted/deepfashion_with_masks_balanced_10_20/p_70a46de0c3c4_10.jpg,top,sweater,casual,casual,casual_basic|soft,unknown,single_layer,unknown,unknown,unknown,solid,style_top|sweater|casual|unknown|unknown|casual_basic+soft
auto_style_004915,needs_review,0.69,color_mood_unknown|fit_unknown|silhouette_unknown|color_family_unknown,p_cd235380485b,p_cd235380485b_10,train,redacted/deepfashion_with_masks_balanced_10_20/p_cd235380485b_10.jpg,top,tank,casual,casual,casual_basic,unknown,single_layer,unknown,unknown,unknown,stripe,style_top|tank|casual|unknown|unknown|casual_basic
auto_style_004919,needs_review,0.69,color_mood_unknown|fit_unknown|silhouette_unknown|color_family_unknown,p_0b7eae38f22d,p_0b7eae38f22d_11,train,redacted/deepfashion_with_masks_balanced_10_20/p_0b7eae38f22d_11.jpg,top,blouse,casual,casual,classic|minimal,unknown,single_layer,unknown,unknown,unknown,solid,style_top|blouse|casual|unknown|unknown|classic+minimal
auto_style_004943,needs_review,0.66,color_mood_unknown|fit_unknown|silhouette_unknown|color_family_unknown,p_5cbdd849c636,p_5cbdd849c636_08,train,redacted/deepfashion_with_masks_balanced_10_20/p_5cbdd849c636_08.jpg,top,hoodie,casual,casual,casual_basic|streetwear,unknown,single_layer,unknown,unknown,unknown,stripe,style_top|hoodie|casual|unknown|unknown|casual_basic+streetwear
auto_style_004944,needs_review,0.69,color_mood_unknown|fit_unknown|silhouette_unknown|color_family_unknown,p_ecd1d4c5d5f0,p_ecd1d4c5d5f0_07,train,redacted/deepfashion_with_masks_balanced_10_20/p_ecd1d4c5d5f0_07.jpg,top,sweater,casual,casual,casual_basic|soft,unknown,single_layer,unknown,unknown,unknown,solid,style_top|sweater|casual|unknown|unknown|casual_basic+soft
auto_style_004949,needs_review,0.69,color_mood_unknown|fit_unknown|silhouette_unknown|color_family_unknown,p_ec8f2f8f5a63,p_ec8f2f8f5a63_07,train,redacted/deepfashion_with_masks_balanced_10_20/p_ec8f2f8f5a63_07.jpg,top,tank,casual,casual,casual_basic,unknown,single_layer,unknown,unknown,unknown,solid,style_top|tank|casual|unknown|unknown|casual_basic
auto_style_004952,needs_review,0.69,color_mood_unknown|fit_unknown|silhouette_unknown|color_family_unknown,p_439e55f4b036,p_439e55f4b036_07,train,redacted/deepfashion_with_masks_balanced_10_20/p_439e55f4b036_07.jpg,top,sweater,casual,casual,casual_basic|soft,unknown,single_layer,unknown,unknown,unknown,solid,style_top|sweater|casual|unknown|unknown|casual_basic+soft
auto_style_004970,needs_review,0.69,color_mood_unknown|fit_unknown|silhouette_unknown|color_family_unknown,p_70a46de0c3c4,p_70a46de0c3c4_11,train,redacted/deepfashion_with_masks_balanced_10_20/p_70a46de0c3c4_11.jpg,top,sweater,casual,casual,casual_basic|soft,unknown,single_layer,unknown,unknown,unknown,solid,style_top|sweater|casual|unknown|unknown|casual_basic+soft
auto_style_004980,needs_review,0.66,color_mood_unknown|fit_unknown|silhouette_unknown|color_family_unknown,p_31785ad1d0ad,p_31785ad1d0ad_07,train,redacted/deepfashion_with_masks_balanced_10_20/p_31785ad1d0ad_07.jpg,dress_jumpsuit,romper,casual,casual,classic|romantic,unknown,single_layer,unknown,unknown,unknown,solid,style_dress_jumpsuit|romper|casual|unknown|unknown|classic+romantic
auto_style_004981,needs_review,0.69,color_mood_unknown|fit_unknown|silhouette_unknown|color_family_unknown,p_2e1f3f512fef,p_2e1f3f512fef_08,train,redacted/deepfashion_with_masks_balanced_10_20/p_2e1f3f512fef_08.jpg,top,tank,casual,casual,casual_basic,unknown,single_layer,unknown,unknown,unknown,stripe,style_top|tank|casual|unknown|unknown|casual_basic
auto_style_004984,needs_review,0.69,color_mood_unknown|fit_unknown|silhouette_unknown|color_family_unknown,p_6e6799f782ec,p_6e6799f782ec_08,train,redacted/deepfashion_with_masks_balanced_10_20/p_6e6799f782ec_08.jpg,top,tank,casual,casual,casual_basic,unknown,single_layer,unknown,unknown,unknown,solid,style_top|tank|casual|unknown|unknown|casual_basic
auto_style_004986,needs_review,0.69,color_mood_unknown|fit_unknown|silhouette_unknown|color_family_unknown,p_ab07fc27f838,p_ab07fc27f838_11,train,redacted/deepfashion_with_masks_balanced_10_20/p_ab07fc27f838_11.jpg,top,sweater,casual,casual,casual_basic|soft,unknown,single_layer,unknown,unknown,unknown,solid,style_top|sweater|casual|unknown|unknown|casual_basic+soft
auto_style_004987,needs_review,0.69,color_mood_unknown|fit_unknown|silhouette_unknown|color_family_unknown,p_05bd2c7c1b64,p_05bd2c7c1b64_08,train,redacted/deepfashion_with_masks_balanced_10_20/p_05bd2c7c1b64_08.jpg,top,sweater,casual,casual,casual_basic|soft,unknown,single_layer,unknown,unknown,unknown,solid,style_top|sweater|casual|unknown|unknown|casual_basic+soft
auto_style_004992,needs_review,0.69,color_mood_unknown|fit_unknown|silhouette_unknown|color_family_unknown,p_cf74eabb8a1d,p_cf74eabb8a1d_10,train,redacted/deepfashion_with_masks_balanced_10_20/p_cf74eabb8a1d_10.jpg,top,sweater,casual,casual,casual_basic|soft,unknown,single_layer,unknown,unknown,unknown,solid,style_top|sweater|casual|unknown|unknown|casual_basic+soft
auto_style_005005,needs_review,0.66,color_mood_unknown|fit_unknown|silhouette_unknown|color_family_unknown,p_a01c9069ba07,p_a01c9069ba07_08,train,redacted/deepfashion_with_masks_balanced_10_20/p_a01c9069ba07_08.jpg,bottom,shorts,casual,casual,casual_basic,unknown,single_layer,unknown,unknown,unknown,solid,style_bottom|shorts|casual|unknown|unknown|casual_basic
auto_style_005008,needs_review,0.69,color_mood_unknown|fit_unknown|silhouette_unknown|color_family_unknown,p_45476f7325fd,p_45476f7325fd_09,train,redacted/deepfashion_with_masks_balanced_10_20/p_45476f7325fd_09.jpg,top,tank,casual,casual,casual_basic,unknown,single_layer,unknown,unknown,unknown,stripe,style_top|tank|casual|unknown|unknown|casual_basic
auto_style_005023,needs_review,0.69,color_mood_unknown|fit_unknown|silhouette_unknown|color_family_unknown,p_3d9913b584d7,p_3d9913b584d7_07,train,redacted/deepfashion_with_masks_balanced_10_20/p_3d9913b584d7_07.jpg,top,tank,casual,casual,casual_basic,unknown,single_layer,unknown,unknown,unknown,solid,style_top|tank|casual|unknown|unknown|casual_basic
auto_style_005040,needs_review,0.69,color_mood_unknown|fit_unknown|silhouette_unknown|color_family_unknown,p_5fa287e24c67,p_5fa287e24c67_08,train,redacted/deepfashion_with_masks_balanced_10_20/p_5fa287e24c67_08.jpg,top,sweater,casual,casual,casual_basic|soft,unknown,single_layer,unknown,unknown,unknown,solid,style_top|sweater|casual|unknown|unknown|casual_basic+soft
auto_style_005043,needs_review,0.69,color_mood_unknown|fit_unknown|silhouette_unknown|color_family_unknown,p_fc9e7a528b4c,p_fc9e7a528b4c_10,train,redacted/deepfashion_with_masks_balanced_10_20/p_fc9e7a528b4c_10.jpg,top,tank,casual,casual,casual_basic,unknown,single_layer,unknown,unknown,unknown,stripe,style_top|tank|casual|unknown|unknown|casual_basic
auto_style_005058,needs_review,0.69,color_mood_unknown|fit_unknown|silhouette_unknown|color_family_unknown,p_c010af0ada5f,p_c010af0ada5f_06,train,redacted/deepfashion_with_masks_balanced_10_20/p_c010af0ada5f_06.jpg,top,tank,casual,casual,casual_basic,unknown,single_layer,unknown,unknown,unknown,stripe,style_top|tank|casual|unknown|unknown|casual_basic
auto_style_005071,needs_review,0.69,color_mood_unknown|fit_unknown|silhouette_unknown|color_family_unknown,p_bebd9bd2844c,p_bebd9bd2844c_07,train,redacted/deepfashion_with_masks_balanced_10_20/p_bebd9bd2844c_07.jpg,top,blouse,casual,casual,classic|minimal,unknown,single_layer,unknown,unknown,unknown,solid,style_top|blouse|casual|unknown|unknown|classic+minimal
auto_style_005074,needs_review,0.69,color_mood_unknown|fit_unknown|silhouette_unknown|color_family_unknown,p_972be3accdf3,p_972be3accdf3_13,train,redacted/deepfashion_with_masks_balanced_10_20/p_972be3accdf3_13.jpg,top,sweater,casual,casual,casual_basic|soft,unknown,single_layer,unknown,unknown,unknown,solid,style_top|sweater|casual|unknown|unknown|casual_basic+soft
auto_style_005088,needs_review,0.69,color_mood_unknown|fit_unknown|silhouette_unknown|color_family_unknown,p_eedf91627507,p_eedf91627507_18,train,redacted/deepfashion_with_masks_balanced_10_20/p_eedf91627507_18.jpg,top,sweater,casual,casual,casual_basic|soft,unknown,single_layer,unknown,unknown,unknown,solid,style_top|sweater|casual|unknown|unknown|casual_basic+soft
auto_style_005090,needs_review,0.69,color_mood_unknown|fit_unknown|silhouette_unknown|color_family_unknown,p_7d1de64532ed,p_7d1de64532ed_12,train,redacted/deepfashion_with_masks_balanced_10_20/p_7d1de64532ed_12.jpg,top,tank,casual,casual,casual_basic,unknown,single_layer,unknown,unknown,unknown,solid,style_top|tank|casual|unknown|unknown|casual_basic
auto_style_005102,needs_review,0.69,color_mood_unknown|fit_unknown|silhouette_unknown|color_family_unknown,p_439e55f4b036,p_439e55f4b036_08,train,redacted/deepfashion_with_masks_balanced_10_20/p_439e55f4b036_08.jpg,top,sweater,casual,casual,casual_basic|soft,unknown,single_layer,unknown,unknown,unknown,solid,style_top|sweater|casual|unknown|unknown|casual_basic+soft
auto_style_005103,needs_review,0.69,color_mood_unknown|fit_unknown|silhouette_unknown|color_family_unknown,p_2e1f3f512fef,p_2e1f3f512fef_10,train,redacted/deepfashion_with_masks_balanced_10_20/p_2e1f3f512fef_10.jpg,top,tank,casual,casual,casual_basic,unknown,single_layer,unknown,unknown,unknown,stripe,style_top|tank|casual|unknown|unknown|casual_basic
auto_style_005105,needs_review,0.66,color_mood_unknown|fit_unknown|silhouette_unknown|color_family_unknown,p_1bcb6ee0e7e6,p_1bcb6ee0e7e6_08,train,redacted/deepfashion_with_masks_balanced_10_20/p_1bcb6ee0e7e6_08.jpg,dress_jumpsuit,romper,casual,casual,classic|romantic,unknown,single_layer,unknown,unknown,unknown,stripe,style_dress_jumpsuit|romper|casual|unknown|unknown|classic+romantic
auto_style_005110,needs_review,0.69,color_mood_unknown|fit_unknown|silhouette_unknown|color_family_unknown,p_94fbe0eebea3,p_94fbe0eebea3_09,train,redacted/deepfashion_with_masks_balanced_10_20/p_94fbe0eebea3_09.jpg,top,tank,casual,casual,casual_basic,unknown,single_layer,unknown,unknown,unknown,solid,style_top|tank|casual|unknown|unknown|casual_basic
auto_style_005121,needs_review,0.69,color_mood_unknown|fit_unknown|silhouette_unknown|color_family_unknown,p_ed5e94f8c2f5,p_ed5e94f8c2f5_14,train,redacted/deepfashion_with_masks_balanced_10_20/p_ed5e94f8c2f5_14.jpg,top,tank,casual,casual,casual_basic,unknown,single_layer,unknown,unknown,unknown,solid,style_top|tank|casual|unknown|unknown|casual_basic
auto_style_005124,needs_review,0.69,color_mood_unknown|fit_unknown|silhouette_unknown|color_family_unknown,p_f8ca41b0979d,p_f8ca41b0979d_07,train,redacted/deepfashion_with_masks_balanced_10_20/p_f8ca41b0979d_07.jpg,top,tank,casual,casual,casual_basic,unknown,single_layer,unknown,unknown,unknown,solid,style_top|tank|casual|unknown|unknown|casual_basic
auto_style_005128,needs_review,0.69,color_mood_unknown|fit_unknown|silhouette_unknown|color_family_unknown,p_cd235380485b,p_cd235380485b_11,train,redacted/deepfashion_with_masks_balanced_10_20/p_cd235380485b_11.jpg,top,tank,casual,casual,casual_basic,unknown,single_layer,unknown,unknown,unknown,stripe,style_top|tank|casual|unknown|unknown|casual_basic
auto_style_005129,needs_review,0.69,color_mood_unknown|fit_unknown|silhouette_unknown|color_family_unknown,p_f9f7626865a4,p_f9f7626865a4_09,train,redacted/deepfashion_with_masks_balanced_10_20/p_f9f7626865a4_09.jpg,dress_jumpsuit,midi_dress,casual,casual,classic|romantic,unknown,single_layer,unknown,unknown,unknown,solid,style_dress_jumpsuit|midi_dress|casual|unknown|unknown|classic+romantic
auto_style_005143,needs_review,0.69,color_mood_unknown|fit_unknown|silhouette_unknown|color_family_unknown,p_97f1078ae3b7,p_97f1078ae3b7_13,train,redacted/deepfashion_with_masks_balanced_10_20/p_97f1078ae3b7_13.jpg,dress_jumpsuit,midi_dress,casual,casual,classic|romantic,unknown,single_layer,unknown,unknown,unknown,solid,style_dress_jumpsuit|midi_dress|casual|unknown|unknown|classic+romantic
auto_style_005146,needs_review,0.69,color_mood_unknown|fit_unknown|silhouette_unknown|color_family_unknown,p_b14e071f7c80,p_b14e071f7c80_09,train,redacted/deepfashion_with_masks_balanced_10_20/p_b14e071f7c80_09.jpg,top,sweater,casual,casual,casual_basic|soft,unknown,single_layer,unknown,unknown,unknown,solid,style_top|sweater|casual|unknown|unknown|casual_basic+soft
auto_style_005148,needs_review,0.69,color_mood_unknown|fit_unknown|silhouette_unknown|color_family_unknown,p_d4d47b2521bd,p_d4d47b2521bd_15,train,redacted/deepfashion_with_masks_balanced_10_20/p_d4d47b2521bd_15.jpg,top,tank,casual,casual,casual_basic,unknown,single_layer,unknown,unknown,unknown,solid,style_top|tank|casual|unknown|unknown|casual_basic
auto_style_005151,needs_review,0.69,color_mood_unknown|fit_unknown|silhouette_unknown|color_family_unknown,p_9b95a966c59a,p_9b95a966c59a_10,train,redacted/deepfashion_with_masks_balanced_10_20/p_9b95a966c59a_10.jpg,top,tank,casual,casual,casual_basic,unknown,single_layer,unknown,unknown,unknown,solid,style_top|tank|casual|unknown|unknown|casual_basic
auto_style_005154,needs_review,0.69,color_mood_unknown|fit_unknown|silhouette_unknown|color_family_unknown,p_4c5481921f57,p_4c5481921f57_19,train,redacted/deepfashion_with_masks_balanced_10_20/p_4c5481921f57_19.jpg,top,tank,casual,casual,casual_basic,unknown,single_layer,unknown,unknown,unknown,solid,style_top|tank|casual|unknown|unknown|casual_basic
auto_style_005155,needs_review,0.69,color_mood_unknown|fit_unknown|silhouette_unknown|color_family_unknown,p_b517bc0acd5f,p_b517bc0acd5f_09,train,redacted/deepfashion_with_masks_balanced_10_20/p_b517bc0acd5f_09.jpg,top,sweater,casual,casual,casual_basic|soft,unknown,single_layer,unknown,unknown,unknown,solid,style_top|sweater|casual|unknown|unknown|casual_basic+soft
auto_style_005166,needs_review,0.69,color_mood_unknown|fit_unknown|silhouette_unknown|color_family_unknown,p_cd235380485b,p_cd235380485b_12,train,redacted/deepfashion_with_masks_balanced_10_20/p_cd235380485b_12.jpg,top,tank,casual,casual,casual_basic,unknown,single_layer,unknown,unknown,unknown,stripe,style_top|tank|casual|unknown|unknown|casual_basic
auto_style_005167,needs_review,0.69,color_mood_unknown|fit_unknown|silhouette_unknown|color_family_unknown,p_fc67ad8d0090,p_fc67ad8d0090_14,train,redacted/deepfashion_with_masks_balanced_10_20/p_fc67ad8d0090_14.jpg,top,tank,casual,casual,casual_basic,unknown,single_layer,unknown,unknown,unknown,stripe,style_top|tank|casual|unknown|unknown|casual_basic
auto_style_005172,needs_review,0.69,color_mood_unknown|fit_unknown|silhouette_unknown|color_family_unknown,p_2e1f3f512fef,p_2e1f3f512fef_11,train,redacted/deepfashion_with_masks_balanced_10_20/p_2e1f3f512fef_11.jpg,top,tank,casual,casual,casual_basic,unknown,single_layer,unknown,unknown,unknown,stripe,style_top|tank|casual|unknown|unknown|casual_basic
auto_style_005174,needs_review,0.69,color_mood_unknown|fit_unknown|silhouette_unknown|color_family_unknown,p_5e2e762e7ba4,p_5e2e762e7ba4_08,train,redacted/deepfashion_with_masks_balanced_10_20/p_5e2e762e7ba4_08.jpg,top,tank,casual,casual,casual_basic,unknown,single_layer,unknown,unknown,unknown,stripe,style_top|tank|casual|unknown|unknown|casual_basic
auto_style_005178,needs_review,0.69,color_mood_unknown|fit_unknown|silhouette_unknown|color_family_unknown,p_972be3accdf3,p_972be3accdf3_14,train,redacted/deepfashion_with_masks_balanced_10_20/p_972be3accdf3_14.jpg,top,sweater,casual,casual,casual_basic|soft,unknown,single_layer,unknown,unknown,unknown,solid,style_top|sweater|casual|unknown|unknown|casual_basic+soft
auto_style_005182,needs_review,0.69,color_mood_unknown|fit_unknown|silhouette_unknown|color_family_unknown,p_9916df2da975,p_9916df2da975_17,train,redacted/deepfashion_with_masks_balanced_10_20/p_9916df2da975_17.jpg,top,tank,casual,casual,casual_basic,unknown,single_layer,unknown,unknown,unknown,stripe,style_top|tank|casual|unknown|unknown|casual_basic
auto_style_005185,needs_review,0.69,color_mood_unknown|fit_unknown|silhouette_unknown|color_family_unknown,p_909146cb5dab,p_909146cb5dab_09,train,redacted/deepfashion_with_masks_balanced_10_20/p_909146cb5dab_09.jpg,top,tank,casual,casual,casual_basic,unknown,single_layer,unknown,unknown,unknown,solid,style_top|tank|casual|unknown|unknown|casual_basic
auto_style_005190,needs_review,0.69,color_mood_unknown|fit_unknown|silhouette_unknown|color_family_unknown,p_18d64ba2ff31,p_18d64ba2ff31_09,train,redacted/deepfashion_with_masks_balanced_10_20/p_18d64ba2ff31_09.jpg,top,sweater,casual,casual,casual_basic|soft,unknown,single_layer,unknown,unknown,unknown,stripe,style_top|sweater|casual|unknown|unknown|casual_basic+soft
auto_style_005199,needs_review,0.69,color_mood_unknown|fit_unknown|silhouette_unknown|color_family_unknown,p_0b69db84f415,p_0b69db84f415_13,train,redacted/deepfashion_with_masks_balanced_10_20/p_0b69db84f415_13.jpg,top,tank,casual,casual,casual_basic,unknown,single_layer,unknown,unknown,unknown,solid,style_top|tank|casual|unknown|unknown|casual_basic
auto_style_005216,needs_review,0.69,color_mood_unknown|fit_unknown|silhouette_unknown|color_family_unknown,p_ed5e94f8c2f5,p_ed5e94f8c2f5_15,train,redacted/deepfashion_with_masks_balanced_10_20/p_ed5e94f8c2f5_15.jpg,top,tank,casual,casual,casual_basic,unknown,single_layer,unknown,unknown,unknown,solid,style_top|tank|casual|unknown|unknown|casual_basic
auto_style_005219,needs_review,0.69,color_mood_unknown|fit_unknown|silhouette_unknown|color_family_unknown,p_d079b122ca77,p_d079b122ca77_09,train,redacted/deepfashion_with_masks_balanced_10_20/p_d079b122ca77_09.jpg,top,tank,casual,casual,casual_basic,unknown,single_layer,unknown,unknown,unknown,solid,style_top|tank|casual|unknown|unknown|casual_basic
auto_style_005221,needs_review,0.69,color_mood_unknown|fit_unknown|silhouette_unknown|color_family_unknown,p_a78fca6fc42a,p_a78fca6fc42a_09,train,redacted/deepfashion_with_masks_balanced_10_20/p_a78fca6fc42a_09.jpg,top,blouse,casual,casual,classic|minimal,unknown,single_layer,unknown,unknown,unknown,solid,style_top|blouse|casual|unknown|unknown|classic+minimal
auto_style_005234,needs_review,0.69,color_mood_unknown|fit_unknown|silhouette_unknown|color_family_unknown,p_41e10f05a727,p_41e10f05a727_18,train,redacted/deepfashion_with_masks_balanced_10_20/p_41e10f05a727_18.jpg,top,sweater,casual,casual,casual_basic|soft,unknown,single_layer,unknown,unknown,unknown,solid,style_top|sweater|casual|unknown|unknown|casual_basic+soft
auto_style_005245,needs_review,0.66,color_mood_unknown|fit_unknown|silhouette_unknown|color_family_unknown,p_97320b58d532,p_97320b58d532_09,train,redacted/deepfashion_with_masks_balanced_10_20/p_97320b58d532_09.jpg,top,cardigan,casual,casual,casual_basic|soft,unknown,light_layering,unknown,unknown,unknown,solid,style_top|cardigan|casual|unknown|unknown|casual_basic+soft
auto_style_005260,needs_review,0.69,color_mood_unknown|fit_unknown|silhouette_unknown|color_family_unknown,p_1672a780f7c0,p_1672a780f7c0_08,train,redacted/deepfashion_with_masks_balanced_10_20/p_1672a780f7c0_08.jpg,top,blouse,casual,casual,classic|minimal,unknown,single_layer,unknown,unknown,unknown,solid,style_top|blouse|casual|unknown|unknown|classic+minimal
auto_style_005265,needs_review,0.69,color_mood_unknown|fit_unknown|silhouette_unknown|color_family_unknown,p_f6f3364732d5,p_f6f3364732d5_08,train,redacted/deepfashion_with_masks_balanced_10_20/p_f6f3364732d5_08.jpg,top,sweater,casual,casual,casual_basic|soft,unknown,single_layer,unknown,unknown,unknown,solid,style_top|sweater|casual|unknown|unknown|casual_basic+soft
auto_style_005275,needs_review,0.69,color_mood_unknown|fit_unknown|silhouette_unknown|color_family_unknown,p_cf74eabb8a1d,p_cf74eabb8a1d_11,train,redacted/deepfashion_with_masks_balanced_10_20/p_cf74eabb8a1d_11.jpg,top,sweater,casual,casual,casual_basic|soft,unknown,single_layer,unknown,unknown,unknown,solid,style_top|sweater|casual|unknown|unknown|casual_basic+soft
auto_style_005277,needs_review,0.69,color_mood_unknown|fit_unknown|silhouette_unknown|color_family_unknown,p_7ecc5546a1fa,p_7ecc5546a1fa_14,train,redacted/deepfashion_with_masks_balanced_10_20/p_7ecc5546a1fa_14.jpg,dress_jumpsuit,midi_dress,casual,casual,classic|romantic,unknown,single_layer,unknown,unknown,unknown,solid,style_dress_jumpsuit|midi_dress|casual|unknown|unknown|classic+romantic
auto_style_005279,needs_review,0.69,color_mood_unknown|fit_unknown|silhouette_unknown|color_family_unknown,p_94fbe0eebea3,p_94fbe0eebea3_10,train,redacted/deepfashion_with_masks_balanced_10_20/p_94fbe0eebea3_10.jpg,top,tank,casual,casual,casual_basic,unknown,single_layer,unknown,unknown,unknown,solid,style_top|tank|casual|unknown|unknown|casual_basic
auto_style_005283,needs_review,0.69,color_mood_unknown|fit_unknown|silhouette_unknown|color_family_unknown,p_149444f6a07a,p_149444f6a07a_11,train,redacted/deepfashion_with_masks_balanced_10_20/p_149444f6a07a_11.jpg,top,blouse,casual,casual,classic|minimal,unknown,single_layer,unknown,unknown,unknown,solid,style_top|blouse|casual|unknown|unknown|classic+minimal
auto_style_005288,needs_review,0.69,color_mood_unknown|fit_unknown|silhouette_unknown|color_family_unknown,p_330d9056eed4,p_330d9056eed4_14,train,redacted/deepfashion_with_masks_balanced_10_20/p_330d9056eed4_14.jpg,top,sweater,casual,casual,casual_basic|soft,unknown,single_layer,unknown,unknown,unknown,solid,style_top|sweater|casual|unknown|unknown|casual_basic+soft
auto_style_005292,needs_review,0.69,color_mood_unknown|fit_unknown|silhouette_unknown|color_family_unknown,p_d02f79a737c4,p_d02f79a737c4_12,train,redacted/deepfashion_with_masks_balanced_10_20/p_d02f79a737c4_12.jpg,top,tank,casual,casual,casual_basic,unknown,single_layer,unknown,unknown,unknown,solid,style_top|tank|casual|unknown|unknown|casual_basic
auto_style_005308,needs_review,0.69,color_mood_unknown|fit_unknown|silhouette_unknown|color_family_unknown,p_757eee7040d3,p_757eee7040d3_18,train,redacted/deepfashion_with_masks_balanced_10_20/p_757eee7040d3_18.jpg,top,sweater,casual,casual,casual_basic|soft,unknown,single_layer,unknown,unknown,unknown,solid,style_top|sweater|casual|unknown|unknown|casual_basic+soft
auto_style_005316,needs_review,0.69,color_mood_unknown|fit_unknown|silhouette_unknown|color_family_unknown,p_207a19789a31,p_207a19789a31_10,train,redacted/deepfashion_with_masks_balanced_10_20/p_207a19789a31_10.jpg,top,tank,casual,casual,casual_basic,unknown,single_layer,unknown,unknown,unknown,plaid,style_top|tank|casual|unknown|unknown|casual_basic
auto_style_005322,needs_review,0.69,color_mood_unknown|fit_unknown|silhouette_unknown|color_family_unknown,p_97f1078ae3b7,p_97f1078ae3b7_14,train,redacted/deepfashion_with_masks_balanced_10_20/p_97f1078ae3b7_14.jpg,dress_jumpsuit,midi_dress,casual,casual,classic|romantic,unknown,single_layer,unknown,unknown,unknown,solid,style_dress_jumpsuit|midi_dress|casual|unknown|unknown|classic+romantic
auto_style_005325,needs_review,0.69,color_mood_unknown|fit_unknown|silhouette_unknown|color_family_unknown,p_c2968b96427e,p_c2968b96427e_12,train,redacted/deepfashion_with_masks_balanced_10_20/p_c2968b96427e_12.jpg,top,tank,casual,casual,casual_basic,unknown,single_layer,unknown,unknown,unknown,solid,style_top|tank|casual|unknown|unknown|casual_basic
auto_style_005333,needs_review,0.69,color_mood_unknown|fit_unknown|silhouette_unknown|color_family_unknown,p_e6299cb97c15,p_e6299cb97c15_16,train,redacted/deepfashion_with_masks_balanced_10_20/p_e6299cb97c15_16.jpg,top,tank,casual,casual,casual_basic,unknown,single_layer,unknown,unknown,unknown,solid,style_top|tank|casual|unknown|unknown|casual_basic
auto_style_005335,needs_review,0.69,color_mood_unknown|fit_unknown|silhouette_unknown|color_family_unknown,p_9f903a8e8f83,p_9f903a8e8f83_07,train,redacted/deepfashion_with_masks_balanced_10_20/p_9f903a8e8f83_07.jpg,dress_jumpsuit,midi_dress,casual,casual,classic|romantic,unknown,single_layer,unknown,unknown,unknown,stripe,style_dress_jumpsuit|midi_dress|casual|unknown|unknown|classic+romantic
auto_style_005342,needs_review,0.69,color_mood_unknown|fit_unknown|silhouette_unknown|color_family_unknown,p_5e2e762e7ba4,p_5e2e762e7ba4_10,train,redacted/deepfashion_with_masks_balanced_10_20/p_5e2e762e7ba4_10.jpg,top,tank,casual,casual,casual_basic,unknown,single_layer,unknown,unknown,unknown,stripe,style_top|tank|casual|unknown|unknown|casual_basic
auto_style_005347,needs_review,0.69,color_mood_unknown|fit_unknown|silhouette_unknown|color_family_unknown,p_f36b087b299f,p_f36b087b299f_15,train,redacted/deepfashion_with_masks_balanced_10_20/p_f36b087b299f_15.jpg,top,tank,casual,casual,casual_basic,unknown,single_layer,unknown,unknown,unknown,solid,style_top|tank|casual|unknown|unknown|casual_basic
auto_style_005350,needs_review,0.69,color_mood_unknown|fit_unknown|silhouette_unknown|color_family_unknown,p_cd235380485b,p_cd235380485b_13,train,redacted/deepfashion_with_masks_balanced_10_20/p_cd235380485b_13.jpg,top,tank,casual,casual,casual_basic,unknown,single_layer,unknown,unknown,unknown,stripe,style_top|tank|casual|unknown|unknown|casual_basic
auto_style_005357,needs_review,0.69,color_mood_unknown|fit_unknown|silhouette_unknown|color_family_unknown,p_c4dec0d9eff4,p_c4dec0d9eff4_09,train,redacted/deepfashion_with_masks_balanced_10_20/p_c4dec0d9eff4_09.jpg,dress_jumpsuit,midi_dress,casual,casual,classic|romantic,unknown,single_layer,unknown,unknown,unknown,solid,style_dress_jumpsuit|midi_dress|casual|unknown|unknown|classic+romantic
auto_style_005361,needs_review,0.69,color_mood_unknown|fit_unknown|silhouette_unknown|color_family_unknown,p_af8c0b286756,p_af8c0b286756_20,train,redacted/deepfashion_with_masks_balanced_10_20/p_af8c0b286756_20.jpg,top,tank,casual,casual,casual_basic,unknown,single_layer,unknown,unknown,unknown,solid,style_top|tank|casual|unknown|unknown|casual_basic
auto_style_005366,needs_review,0.66,color_mood_unknown|fit_unknown|silhouette_unknown|color_family_unknown,p_e3e16c8e51cb,p_e3e16c8e51cb_08,train,redacted/deepfashion_with_masks_balanced_10_20/p_e3e16c8e51cb_08.jpg,top,cardigan,casual,casual,casual_basic|soft,unknown,light_layering,unknown,unknown,unknown,solid,style_top|cardigan|casual|unknown|unknown|casual_basic+soft
auto_style_005371,needs_review,0.69,color_mood_unknown|fit_unknown|silhouette_unknown|color_family_unknown,p_19a811f9b79f,p_19a811f9b79f_10,train,redacted/deepfashion_with_masks_balanced_10_20/p_19a811f9b79f_10.jpg,top,blouse,casual,casual,classic|minimal,unknown,single_layer,unknown,unknown,unknown,solid,style_top|blouse|casual|unknown|unknown|classic+minimal
auto_style_005382,needs_review,0.69,color_mood_unknown|fit_unknown|silhouette_unknown|color_family_unknown,p_f3a4bed3001a,p_f3a4bed3001a_11,train,redacted/deepfashion_with_masks_balanced_10_20/p_f3a4bed3001a_11.jpg,top,tank,casual,casual,casual_basic,unknown,single_layer,unknown,unknown,unknown,stripe,style_top|tank|casual|unknown|unknown|casual_basic
auto_style_005408,needs_review,0.69,color_mood_unknown|fit_unknown|silhouette_unknown|color_family_unknown,p_972be3accdf3,p_972be3accdf3_16,train,redacted/deepfashion_with_masks_balanced_10_20/p_972be3accdf3_16.jpg,top,sweater,casual,casual,casual_basic|soft,unknown,single_layer,unknown,unknown,unknown,solid,style_top|sweater|casual|unknown|unknown|casual_basic+soft
auto_style_005416,needs_review,0.69,color_mood_unknown|fit_unknown|silhouette_unknown|color_family_unknown,p_8ce5df8389c0,p_8ce5df8389c0_13,train,redacted/deepfashion_with_masks_balanced_10_20/p_8ce5df8389c0_13.jpg,top,blouse,casual,casual,classic|minimal,unknown,single_layer,unknown,unknown,unknown,solid,style_top|blouse|casual|unknown|unknown|classic+minimal
auto_style_005438,needs_review,0.69,color_mood_unknown|fit_unknown|silhouette_unknown|color_family_unknown,p_c010af0ada5f,p_c010af0ada5f_07,train,redacted/deepfashion_with_masks_balanced_10_20/p_c010af0ada5f_07.jpg,top,tank,casual,casual,casual_basic,unknown,single_layer,unknown,unknown,unknown,stripe,style_top|tank|casual|unknown|unknown|casual_basic
auto_style_005451,needs_review,0.66,color_mood_unknown|fit_unknown|silhouette_unknown|color_family_unknown,p_5521ac174644,p_5521ac174644_13,train,redacted/deepfashion_with_masks_balanced_10_20/p_5521ac174644_13.jpg,top,cardigan,casual,casual,casual_basic|soft,unknown,light_layering,unknown,unknown,unknown,plaid,style_top|cardigan|casual|unknown|unknown|casual_basic+soft
auto_style_005460,needs_review,0.69,color_mood_unknown|fit_unknown|silhouette_unknown|color_family_unknown,p_0f4d1f6ab72b,p_0f4d1f6ab72b_10,train,redacted/deepfashion_with_masks_balanced_10_20/p_0f4d1f6ab72b_10.jpg,dress_jumpsuit,midi_dress,casual,casual,classic|romantic,unknown,single_layer,unknown,unknown,unknown,solid,style_dress_jumpsuit|midi_dress|casual|unknown|unknown|classic+romantic
auto_style_005472,needs_review,0.69,color_mood_unknown|fit_unknown|silhouette_unknown|color_family_unknown,p_972be3accdf3,p_972be3accdf3_17,train,redacted/deepfashion_with_masks_balanced_10_20/p_972be3accdf3_17.jpg,top,sweater,casual,casual,casual_basic|soft,unknown,single_layer,unknown,unknown,unknown,solid,style_top|sweater|casual|unknown|unknown|casual_basic+soft
auto_style_005487,needs_review,0.69,color_mood_unknown|fit_unknown|silhouette_unknown|color_family_unknown,p_7ecc5546a1fa,p_7ecc5546a1fa_16,train,redacted/deepfashion_with_masks_balanced_10_20/p_7ecc5546a1fa_16.jpg,dress_jumpsuit,midi_dress,casual,casual,classic|romantic,unknown,single_layer,unknown,unknown,unknown,solid,style_dress_jumpsuit|midi_dress|casual|unknown|unknown|classic+romantic
auto_style_005493,needs_review,0.69,color_mood_unknown|fit_unknown|silhouette_unknown|color_family_unknown,p_9fc07204fcdf,p_9fc07204fcdf_13,train,redacted/deepfashion_with_masks_balanced_10_20/p_9fc07204fcdf_13.jpg,top,blouse,casual,casual,classic|minimal,unknown,single_layer,unknown,unknown,unknown,solid,style_top|blouse|casual|unknown|unknown|classic+minimal
auto_style_005511,needs_review,0.69,color_mood_unknown|fit_unknown|silhouette_unknown|color_family_unknown,p_c010af0ada5f,p_c010af0ada5f_08,train,redacted/deepfashion_with_masks_balanced_10_20/p_c010af0ada5f_08.jpg,top,tank,casual,casual,casual_basic,unknown,single_layer,unknown,unknown,unknown,stripe,style_top|tank|casual|unknown|unknown|casual_basic
auto_style_005517,needs_review,0.69,color_mood_unknown|fit_unknown|silhouette_unknown|color_family_unknown,p_0b69db84f415,p_0b69db84f415_15,train,redacted/deepfashion_with_masks_balanced_10_20/p_0b69db84f415_15.jpg,top,tank,casual,casual,casual_basic,unknown,single_layer,unknown,unknown,unknown,solid,style_top|tank|casual|unknown|unknown|casual_basic
auto_style_005519,needs_review,0.66,color_mood_unknown|fit_unknown|silhouette_unknown|color_family_unknown,p_ffe96e3b1a3f,p_ffe96e3b1a3f_09,train,redacted/deepfashion_with_masks_balanced_10_20/p_ffe96e3b1a3f_09.jpg,top,cardigan,casual,casual,casual_basic|soft,unknown,light_layering,unknown,unknown,unknown,solid,style_top|cardigan|casual|unknown|unknown|casual_basic+soft
auto_style_005527,needs_review,0.69,color_mood_unknown|fit_unknown|silhouette_unknown|color_family_unknown,p_56dbaf9a349c,p_56dbaf9a349c_16,train,redacted/deepfashion_with_masks_balanced_10_20/p_56dbaf9a349c_16.jpg,top,tank,casual,casual,casual_basic,unknown,single_layer,unknown,unknown,unknown,solid,style_top|tank|casual|unknown|unknown|casual_basic
auto_style_005528,needs_review,0.69,color_mood_unknown|fit_unknown|silhouette_unknown|color_family_unknown,p_f241634a05ea,p_f241634a05ea_09,train,redacted/deepfashion_with_masks_balanced_10_20/p_f241634a05ea_09.jpg,top,tank,casual,casual,casual_basic,unknown,single_layer,unknown,unknown,unknown,solid,style_top|tank|casual|unknown|unknown|casual_basic
auto_style_005542,needs_review,0.69,color_mood_unknown|fit_unknown|silhouette_unknown|color_family_unknown,p_cee9b613ab6b,p_cee9b613ab6b_12,train,redacted/deepfashion_with_masks_balanced_10_20/p_cee9b613ab6b_12.jpg,top,tank,casual,casual,casual_basic,unknown,single_layer,unknown,unknown,unknown,solid,style_top|tank|casual|unknown|unknown|casual_basic
auto_style_005559,needs_review,0.69,color_mood_unknown|fit_unknown|silhouette_unknown|color_family_unknown,p_eedf91627507,p_eedf91627507_19,train,redacted/deepfashion_with_masks_balanced_10_20/p_eedf91627507_19.jpg,top,sweater,casual,casual,casual_basic|soft,unknown,single_layer,unknown,unknown,unknown,solid,style_top|sweater|casual|unknown|unknown|casual_basic+soft
auto_style_005563,needs_review,0.69,color_mood_unknown|fit_unknown|silhouette_unknown|color_family_unknown,p_26636483d25f,p_26636483d25f_15,train,redacted/deepfashion_with_masks_balanced_10_20/p_26636483d25f_15.jpg,top,sweater,casual,casual,casual_basic|soft,unknown,single_layer,unknown,unknown,unknown,solid,style_top|sweater|casual|unknown|unknown|casual_basic+soft
auto_style_005574,needs_review,0.66,color_mood_unknown|fit_unknown|silhouette_unknown|color_family_unknown,p_ffe96e3b1a3f,p_ffe96e3b1a3f_10,train,redacted/deepfashion_with_masks_balanced_10_20/p_ffe96e3b1a3f_10.jpg,top,cardigan,casual,casual,casual_basic|soft,unknown,light_layering,unknown,unknown,unknown,floral,style_top|cardigan|casual|unknown|unknown|casual_basic+soft
auto_style_005578,needs_review,0.69,color_mood_unknown|fit_unknown|silhouette_unknown|color_family_unknown,p_207a19789a31,p_207a19789a31_11,train,redacted/deepfashion_with_masks_balanced_10_20/p_207a19789a31_11.jpg,top,tank,casual,casual,casual_basic,unknown,single_layer,unknown,unknown,unknown,plaid,style_top|tank|casual|unknown|unknown|casual_basic
auto_style_005584,needs_review,0.69,color_mood_unknown|fit_unknown|silhouette_unknown|color_family_unknown,p_7ecc5546a1fa,p_7ecc5546a1fa_17,train,redacted/deepfashion_with_masks_balanced_10_20/p_7ecc5546a1fa_17.jpg,dress_jumpsuit,midi_dress,casual,casual,classic|romantic,unknown,single_layer,unknown,unknown,unknown,solid,style_dress_jumpsuit|midi_dress|casual|unknown|unknown|classic+romantic
auto_style_005593,needs_review,0.69,color_mood_unknown|fit_unknown|silhouette_unknown|color_family_unknown,p_d5ba9ba2aa8a,p_d5ba9ba2aa8a_10,train,redacted/deepfashion_with_masks_balanced_10_20/p_d5ba9ba2aa8a_10.jpg,top,tank,casual,casual,casual_basic,unknown,single_layer,unknown,unknown,unknown,solid,style_top|tank|casual|unknown|unknown|casual_basic
auto_style_005605,needs_review,0.69,color_mood_unknown|fit_unknown|silhouette_unknown|color_family_unknown,p_f7e9a4e8becc,p_f7e9a4e8becc_19,train,redacted/deepfashion_with_masks_balanced_10_20/p_f7e9a4e8becc_19.jpg,top,tank,casual,casual,casual_basic,unknown,single_layer,unknown,unknown,unknown,solid,style_top|tank|casual|unknown|unknown|casual_basic
auto_style_005620,needs_review,0.69,color_mood_unknown|fit_unknown|silhouette_unknown|color_family_unknown,p_439e55f4b036,p_439e55f4b036_09,train,redacted/deepfashion_with_masks_balanced_10_20/p_439e55f4b036_09.jpg,top,sweater,casual,casual,casual_basic|soft,unknown,single_layer,unknown,unknown,unknown,solid,style_top|sweater|casual|unknown|unknown|casual_basic+soft
auto_style_005629,needs_review,0.69,color_mood_unknown|fit_unknown|silhouette_unknown|color_family_unknown,p_42fb33dca4f2,p_42fb33dca4f2_11,train,redacted/deepfashion_with_masks_balanced_10_20/p_42fb33dca4f2_11.jpg,top,tank,casual,casual,casual_basic,unknown,single_layer,unknown,unknown,unknown,stripe,style_top|tank|casual|unknown|unknown|casual_basic
auto_style_005635,needs_review,0.69,color_mood_unknown|fit_unknown|silhouette_unknown|color_family_unknown,p_15bfaece4c21,p_15bfaece4c21_11,train,redacted/deepfashion_with_masks_balanced_10_20/p_15bfaece4c21_11.jpg,top,tank,casual,casual,casual_basic,unknown,single_layer,unknown,unknown,unknown,solid,style_top|tank|casual|unknown|unknown|casual_basic
auto_style_005655,needs_review,0.69,color_mood_unknown|fit_unknown|silhouette_unknown|color_family_unknown,p_fe9a2c868817,p_fe9a2c868817_09,train,redacted/deepfashion_with_masks_balanced_10_20/p_fe9a2c868817_09.jpg,top,tank,casual,casual,casual_basic,unknown,single_layer,unknown,unknown,unknown,solid,style_top|tank|casual|unknown|unknown|casual_basic
auto_style_005666,needs_review,0.69,color_mood_unknown|fit_unknown|silhouette_unknown|color_family_unknown,p_a78fca6fc42a,p_a78fca6fc42a_11,train,redacted/deepfashion_with_masks_balanced_10_20/p_a78fca6fc42a_11.jpg,top,blouse,casual,casual,classic|minimal,unknown,single_layer,unknown,unknown,unknown,solid,style_top|blouse|casual|unknown|unknown|classic+minimal
auto_style_005673,needs_review,0.69,color_mood_unknown|fit_unknown|silhouette_unknown|color_family_unknown,p_2e1f3f512fef,p_2e1f3f512fef_12,train,redacted/deepfashion_with_masks_balanced_10_20/p_2e1f3f512fef_12.jpg,top,tank,casual,casual,casual_basic,unknown,single_layer,unknown,unknown,unknown,stripe,style_top|tank|casual|unknown|unknown|casual_basic
auto_style_005678,needs_review,0.69,color_mood_unknown|fit_unknown|silhouette_unknown|color_family_unknown,p_28c1a3b223ad,p_28c1a3b223ad_07,train,redacted/deepfashion_with_masks_balanced_10_20/p_28c1a3b223ad_07.jpg,top,blouse,casual,casual,classic|minimal,unknown,single_layer,unknown,unknown,unknown,solid,style_top|blouse|casual|unknown|unknown|classic+minimal
auto_style_005686,needs_review,0.69,color_mood_unknown|fit_unknown|silhouette_unknown|color_family_unknown,p_ea3b6e24cf6f,p_ea3b6e24cf6f_09,train,redacted/deepfashion_with_masks_balanced_10_20/p_ea3b6e24cf6f_09.jpg,top,sweater,casual,casual,casual_basic|soft,unknown,single_layer,unknown,unknown,unknown,solid,style_top|sweater|casual|unknown|unknown|casual_basic+soft
auto_style_005691,needs_review,0.69,color_mood_unknown|fit_unknown|silhouette_unknown|color_family_unknown,p_fca05182bc0f,p_fca05182bc0f_09,train,redacted/deepfashion_with_masks_balanced_10_20/p_fca05182bc0f_09.jpg,top,tank,casual,casual,casual_basic,unknown,single_layer,unknown,unknown,unknown,solid,style_top|tank|casual|unknown|unknown|casual_basic
auto_style_005700,needs_review,0.69,color_mood_unknown|fit_unknown|silhouette_unknown|color_family_unknown,p_9916df2da975,p_9916df2da975_19,train,redacted/deepfashion_with_masks_balanced_10_20/p_9916df2da975_19.jpg,top,tank,casual,casual,casual_basic,unknown,single_layer,unknown,unknown,unknown,solid,style_top|tank|casual|unknown|unknown|casual_basic
auto_style_005706,needs_review,0.69,color_mood_unknown|fit_unknown|silhouette_unknown|color_family_unknown,p_9f6204a253d7,p_9f6204a253d7_14,train,redacted/deepfashion_with_masks_balanced_10_20/p_9f6204a253d7_14.jpg,dress_jumpsuit,midi_dress,casual,casual,classic|romantic,unknown,single_layer,unknown,unknown,unknown,solid,style_dress_jumpsuit|midi_dress|casual|unknown|unknown|classic+romantic
auto_style_005707,needs_review,0.69,color_mood_unknown|fit_unknown|silhouette_unknown|color_family_unknown,p_19a811f9b79f,p_19a811f9b79f_11,train,redacted/deepfashion_with_masks_balanced_10_20/p_19a811f9b79f_11.jpg,top,blouse,casual,casual,classic|minimal,unknown,single_layer,unknown,unknown,unknown,solid,style_top|blouse|casual|unknown|unknown|classic+minimal
auto_style_005710,needs_review,0.69,color_mood_unknown|fit_unknown|silhouette_unknown|color_family_unknown,p_45476f7325fd,p_45476f7325fd_11,train,redacted/deepfashion_with_masks_balanced_10_20/p_45476f7325fd_11.jpg,top,tank,casual,casual,casual_basic,unknown,single_layer,unknown,unknown,unknown,stripe,style_top|tank|casual|unknown|unknown|casual_basic
auto_style_005717,needs_review,0.69,color_mood_unknown|fit_unknown|silhouette_unknown|color_family_unknown,p_4fbaf103a600,p_4fbaf103a600_09,train,redacted/deepfashion_with_masks_balanced_10_20/p_4fbaf103a600_09.jpg,top,tank,casual,casual,casual_basic,unknown,single_layer,unknown,unknown,unknown,solid,style_top|tank|casual|unknown|unknown|casual_basic
auto_style_005727,needs_review,0.69,color_mood_unknown|fit_unknown|silhouette_unknown|color_family_unknown,p_86762bf4eb4b,p_86762bf4eb4b_10,train,redacted/deepfashion_with_masks_balanced_10_20/p_86762bf4eb4b_10.jpg,dress_jumpsuit,midi_dress,casual,casual,classic|romantic,unknown,single_layer,unknown,unknown,unknown,solid,style_dress_jumpsuit|midi_dress|casual|unknown|unknown|classic+romantic
auto_style_005735,needs_review,0.66,color_mood_unknown|fit_unknown|silhouette_unknown|color_family_unknown,p_e586ac3a5344,p_e586ac3a5344_12,train,redacted/deepfashion_with_masks_balanced_10_20/p_e586ac3a5344_12.jpg,dress_jumpsuit,romper,casual,casual,classic|romantic,unknown,single_layer,unknown,unknown,unknown,solid,style_dress_jumpsuit|romper|casual|unknown|unknown|classic+romantic
auto_style_005747,needs_review,0.69,color_mood_unknown|fit_unknown|silhouette_unknown|color_family_unknown,p_9ee0d111148b,p_9ee0d111148b_10,train,redacted/deepfashion_with_masks_balanced_10_20/p_9ee0d111148b_10.jpg,top,tank,casual,casual,casual_basic,unknown,single_layer,unknown,unknown,unknown,stripe,style_top|tank|casual|unknown|unknown|casual_basic
auto_style_005752,needs_review,0.69,color_mood_unknown|fit_unknown|silhouette_unknown|color_family_unknown,p_7d1de64532ed,p_7d1de64532ed_14,train,redacted/deepfashion_with_masks_balanced_10_20/p_7d1de64532ed_14.jpg,top,tank,casual,casual,casual_basic,unknown,single_layer,unknown,unknown,unknown,solid,style_top|tank|casual|unknown|unknown|casual_basic
auto_style_005757,needs_review,0.69,color_mood_unknown|fit_unknown|silhouette_unknown|color_family_unknown,p_d6778b915bf7,p_d6778b915bf7_08,train,redacted/deepfashion_with_masks_balanced_10_20/p_d6778b915bf7_08.jpg,dress_jumpsuit,midi_dress,casual,casual,classic|romantic,unknown,single_layer,unknown,unknown,unknown,solid,style_dress_jumpsuit|midi_dress|casual|unknown|unknown|classic+romantic
auto_style_005761,needs_review,0.69,color_mood_unknown|fit_unknown|silhouette_unknown|color_family_unknown,p_6e6799f782ec,p_6e6799f782ec_11,train,redacted/deepfashion_with_masks_balanced_10_20/p_6e6799f782ec_11.jpg,top,tank,casual,casual,casual_basic,unknown,single_layer,unknown,unknown,unknown,solid,style_top|tank|casual|unknown|unknown|casual_basic
auto_style_005770,needs_review,0.69,color_mood_unknown|fit_unknown|silhouette_unknown|color_family_unknown,p_ecd1d4c5d5f0,p_ecd1d4c5d5f0_09,train,redacted/deepfashion_with_masks_balanced_10_20/p_ecd1d4c5d5f0_09.jpg,top,sweater,casual,casual,casual_basic|soft,unknown,single_layer,unknown,unknown,unknown,solid,style_top|sweater|casual|unknown|unknown|casual_basic+soft
auto_style_005790,needs_review,0.69,color_mood_unknown|fit_unknown|silhouette_unknown|color_family_unknown,p_b1909b077f20,p_b1909b077f20_17,train,redacted/deepfashion_with_masks_balanced_10_20/p_b1909b077f20_17.jpg,top,sweater,casual,casual,casual_basic|soft,unknown,single_layer,unknown,unknown,unknown,solid,style_top|sweater|casual|unknown|unknown|casual_basic+soft
auto_style_005809,needs_review,0.69,color_mood_unknown|fit_unknown|silhouette_unknown|color_family_unknown,p_9916df2da975,p_9916df2da975_20,train,redacted/deepfashion_with_masks_balanced_10_20/p_9916df2da975_20.jpg,top,tank,casual,casual,casual_basic,unknown,single_layer,unknown,unknown,unknown,stripe,style_top|tank|casual|unknown|unknown|casual_basic
auto_style_005810,needs_review,0.69,color_mood_unknown|fit_unknown|silhouette_unknown|color_family_unknown,p_a78fca6fc42a,p_a78fca6fc42a_12,train,redacted/deepfashion_with_masks_balanced_10_20/p_a78fca6fc42a_12.jpg,top,blouse,casual,casual,classic|minimal,unknown,single_layer,unknown,unknown,unknown,solid,style_top|blouse|casual|unknown|unknown|classic+minimal
auto_style_005815,needs_review,0.69,color_mood_unknown|fit_unknown|silhouette_unknown|color_family_unknown,p_18d64ba2ff31,p_18d64ba2ff31_10,train,redacted/deepfashion_with_masks_balanced_10_20/p_18d64ba2ff31_10.jpg,top,sweater,casual,casual,casual_basic|soft,unknown,single_layer,unknown,unknown,unknown,solid,style_top|sweater|casual|unknown|unknown|casual_basic+soft
auto_style_005817,needs_review,0.69,color_mood_unknown|fit_unknown|silhouette_unknown|color_family_unknown,p_05bd2c7c1b64,p_05bd2c7c1b64_10,train,redacted/deepfashion_with_masks_balanced_10_20/p_05bd2c7c1b64_10.jpg,top,sweater,casual,casual,casual_basic|soft,unknown,single_layer,unknown,unknown,unknown,solid,style_top|sweater|casual|unknown|unknown|casual_basic+soft
auto_style_005821,needs_review,0.69,color_mood_unknown|fit_unknown|silhouette_unknown|color_family_unknown,p_18d64ba2ff31,p_18d64ba2ff31_11,train,redacted/deepfashion_with_masks_balanced_10_20/p_18d64ba2ff31_11.jpg,top,sweater,casual,casual,casual_basic|soft,unknown,single_layer,unknown,unknown,unknown,solid,style_top|sweater|casual|unknown|unknown|casual_basic+soft
auto_style_005824,needs_review,0.69,color_mood_unknown|fit_unknown|silhouette_unknown|color_family_unknown,p_207a19789a31,p_207a19789a31_13,train,redacted/deepfashion_with_masks_balanced_10_20/p_207a19789a31_13.jpg,top,tank,casual,casual,casual_basic,unknown,single_layer,unknown,unknown,unknown,plaid,style_top|tank|casual|unknown|unknown|casual_basic
auto_style_005844,needs_review,0.69,color_mood_unknown|fit_unknown|silhouette_unknown|color_family_unknown,p_f460e9ddc319,p_f460e9ddc319_09,train,redacted/deepfashion_with_masks_balanced_10_20/p_f460e9ddc319_09.jpg,top,tank,casual,casual,casual_basic,unknown,single_layer,unknown,unknown,unknown,solid,style_top|tank|casual|unknown|unknown|casual_basic
auto_style_005855,needs_review,0.69,color_mood_unknown|fit_unknown|silhouette_unknown|color_family_unknown,p_f460e9ddc319,p_f460e9ddc319_10,train,redacted/deepfashion_with_masks_balanced_10_20/p_f460e9ddc319_10.jpg,top,tank,casual,casual,casual_basic,unknown,single_layer,unknown,unknown,unknown,solid,style_top|tank|casual|unknown|unknown|casual_basic
auto_style_005859,needs_review,0.69,color_mood_unknown|fit_unknown|silhouette_unknown|color_family_unknown,p_eedf91627507,p_eedf91627507_20,train,redacted/deepfashion_with_masks_balanced_10_20/p_eedf91627507_20.jpg,top,sweater,casual,casual,casual_basic|soft,unknown,single_layer,unknown,unknown,unknown,solid,style_top|sweater|casual|unknown|unknown|casual_basic+soft
auto_style_005866,needs_review,0.69,color_mood_unknown|fit_unknown|silhouette_unknown|color_family_unknown,p_327ba3a5eb80,p_327ba3a5eb80_14,train,redacted/deepfashion_with_masks_balanced_10_20/p_327ba3a5eb80_14.jpg,top,sweater,casual,casual,casual_basic|soft,unknown,single_layer,unknown,unknown,unknown,solid,style_top|sweater|casual|unknown|unknown|casual_basic+soft
auto_style_005875,needs_review,0.69,color_mood_unknown|fit_unknown|silhouette_unknown|color_family_unknown,p_c6c9ae3411ca,p_c6c9ae3411ca_12,train,redacted/deepfashion_with_masks_balanced_10_20/p_c6c9ae3411ca_12.jpg,top,tank,casual,casual,casual_basic,unknown,single_layer,unknown,unknown,unknown,solid,style_top|tank|casual|unknown|unknown|casual_basic
auto_style_005883,needs_review,0.69,color_mood_unknown|fit_unknown|silhouette_unknown|color_family_unknown,p_c2968b96427e,p_c2968b96427e_13,train,redacted/deepfashion_with_masks_balanced_10_20/p_c2968b96427e_13.jpg,top,tank,casual,casual,casual_basic,unknown,single_layer,unknown,unknown,unknown,solid,style_top|tank|casual|unknown|unknown|casual_basic
auto_style_005898,needs_review,0.69,color_mood_unknown|fit_unknown|silhouette_unknown|color_family_unknown,p_9e3ce1caae7c,p_9e3ce1caae7c_17,train,redacted/deepfashion_with_masks_balanced_10_20/p_9e3ce1caae7c_17.jpg,top,sweater,casual,casual,casual_basic|soft,unknown,single_layer,unknown,unknown,unknown,solid,style_top|sweater|casual|unknown|unknown|casual_basic+soft
auto_style_005900,needs_review,0.69,color_mood_unknown|fit_unknown|silhouette_unknown|color_family_unknown,p_26636483d25f,p_26636483d25f_16,train,redacted/deepfashion_with_masks_balanced_10_20/p_26636483d25f_16.jpg,top,sweater,casual,casual,casual_basic|soft,unknown,single_layer,unknown,unknown,unknown,solid,style_top|sweater|casual|unknown|unknown|casual_basic+soft
auto_style_005921,needs_review,0.69,color_mood_unknown|fit_unknown|silhouette_unknown|color_family_unknown,p_bebd9bd2844c,p_bebd9bd2844c_09,train,redacted/deepfashion_with_masks_balanced_10_20/p_bebd9bd2844c_09.jpg,top,blouse,casual,casual,classic|minimal,unknown,single_layer,unknown,unknown,unknown,solid,style_top|blouse|casual|unknown|unknown|classic+minimal
auto_style_005927,needs_review,0.69,color_mood_unknown|fit_unknown|silhouette_unknown|color_family_unknown,p_5437c4377c7b,p_5437c4377c7b_14,train,redacted/deepfashion_with_masks_balanced_10_20/p_5437c4377c7b_14.jpg,top,tank,casual,casual,casual_basic,unknown,single_layer,unknown,unknown,unknown,stripe,style_top|tank|casual|unknown|unknown|casual_basic
auto_style_005935,needs_review,0.69,color_mood_unknown|fit_unknown|silhouette_unknown|color_family_unknown,p_b1909b077f20,p_b1909b077f20_18,train,redacted/deepfashion_with_masks_balanced_10_20/p_b1909b077f20_18.jpg,top,sweater,casual,casual,casual_basic|soft,unknown,single_layer,unknown,unknown,unknown,solid,style_top|sweater|casual|unknown|unknown|casual_basic+soft
auto_style_005941,needs_review,0.69,color_mood_unknown|fit_unknown|silhouette_unknown|color_family_unknown,p_bebd9bd2844c,p_bebd9bd2844c_10,train,redacted/deepfashion_with_masks_balanced_10_20/p_bebd9bd2844c_10.jpg,top,blouse,casual,casual,classic|minimal,unknown,single_layer,unknown,unknown,unknown,solid,style_top|blouse|casual|unknown|unknown|classic+minimal
auto_style_005949,needs_review,0.69,color_mood_unknown|fit_unknown|silhouette_unknown|color_family_unknown,p_ea3b6e24cf6f,p_ea3b6e24cf6f_10,train,redacted/deepfashion_with_masks_balanced_10_20/p_ea3b6e24cf6f_10.jpg,top,sweater,casual,casual,casual_basic|soft,unknown,single_layer,unknown,unknown,unknown,solid,style_top|sweater|casual|unknown|unknown|casual_basic+soft
auto_style_005955,needs_review,0.69,color_mood_unknown|fit_unknown|silhouette_unknown|color_family_unknown,p_f09f91955808,p_f09f91955808_15,train,redacted/deepfashion_with_masks_balanced_10_20/p_f09f91955808_15.jpg,top,tank,casual,casual,casual_basic,unknown,single_layer,unknown,unknown,unknown,solid,style_top|tank|casual|unknown|unknown|casual_basic
auto_style_005961,needs_review,0.66,color_mood_unknown|fit_unknown|silhouette_unknown|color_family_unknown,p_97320b58d532,p_97320b58d532_12,train,redacted/deepfashion_with_masks_balanced_10_20/p_97320b58d532_12.jpg,top,cardigan,casual,casual,casual_basic|soft,unknown,light_layering,unknown,unknown,unknown,solid,style_top|cardigan|casual|unknown|unknown|casual_basic+soft
auto_style_005968,needs_review,0.69,color_mood_unknown|fit_unknown|silhouette_unknown|color_family_unknown,p_cc73165c1cc7,p_cc73165c1cc7_08,train,redacted/deepfashion_with_masks_balanced_10_20/p_cc73165c1cc7_08.jpg,top,tank,casual,casual,casual_basic,unknown,single_layer,unknown,unknown,unknown,solid,style_top|tank|casual|unknown|unknown|casual_basic
auto_style_005970,needs_review,0.69,color_mood_unknown|fit_unknown|silhouette_unknown|color_family_unknown,p_b517bc0acd5f,p_b517bc0acd5f_10,train,redacted/deepfashion_with_masks_balanced_10_20/p_b517bc0acd5f_10.jpg,top,sweater,casual,casual,casual_basic|soft,unknown,single_layer,unknown,unknown,unknown,solid,style_top|sweater|casual|unknown|unknown|casual_basic+soft
auto_style_005973,needs_review,0.69,color_mood_unknown|fit_unknown|silhouette_unknown|color_family_unknown,p_54bc9a43e9e3,p_54bc9a43e9e3_07,train,redacted/deepfashion_with_masks_balanced_10_20/p_54bc9a43e9e3_07.jpg,top,tank,casual,casual,casual_basic,unknown,single_layer,unknown,unknown,unknown,solid,style_top|tank|casual|unknown|unknown|casual_basic
auto_style_005978,needs_review,0.69,color_mood_unknown|fit_unknown|silhouette_unknown|color_family_unknown,p_b1909b077f20,p_b1909b077f20_19,train,redacted/deepfashion_with_masks_balanced_10_20/p_b1909b077f20_19.jpg,top,sweater,casual,casual,casual_basic|soft,unknown,single_layer,unknown,unknown,unknown,plaid,style_top|sweater|casual|unknown|unknown|casual_basic+soft
auto_style_005984,needs_review,0.69,color_mood_unknown|fit_unknown|silhouette_unknown|color_family_unknown,p_00cbc89fb4b1,p_00cbc89fb4b1_16,train,redacted/deepfashion_with_masks_balanced_10_20/p_00cbc89fb4b1_16.jpg,dress_jumpsuit,midi_dress,casual,casual,classic|romantic,unknown,single_layer,unknown,unknown,unknown,solid,style_dress_jumpsuit|midi_dress|casual|unknown|unknown|classic+romantic
auto_style_005985,needs_review,0.69,color_mood_unknown|fit_unknown|silhouette_unknown|color_family_unknown,p_1f2aa821bb4c,p_1f2aa821bb4c_16,train,redacted/deepfashion_with_masks_balanced_10_20/p_1f2aa821bb4c_16.jpg,top,tank,casual,casual,casual_basic,unknown,single_layer,unknown,unknown,unknown,stripe,style_top|tank|casual|unknown|unknown|casual_basic
auto_style_005988,needs_review,0.69,color_mood_unknown|fit_unknown|silhouette_unknown|color_family_unknown,p_a2de569a1d7f,p_a2de569a1d7f_13,train,redacted/deepfashion_with_masks_balanced_10_20/p_a2de569a1d7f_13.jpg,top,tank,casual,casual,casual_basic,unknown,single_layer,unknown,unknown,unknown,solid,style_top|tank|casual|unknown|unknown|casual_basic
auto_style_005989,needs_review,0.69,color_mood_unknown|fit_unknown|silhouette_unknown|color_family_unknown,p_8c2004dd7ede,p_8c2004dd7ede_09,train,redacted/deepfashion_with_masks_balanced_10_20/p_8c2004dd7ede_09.jpg,dress_jumpsuit,midi_dress,casual,casual,classic|romantic,unknown,single_layer,unknown,unknown,unknown,solid,style_dress_jumpsuit|midi_dress|casual|unknown|unknown|classic+romantic
auto_style_005990,needs_review,0.69,color_mood_unknown|fit_unknown|silhouette_unknown|color_family_unknown,p_757eee7040d3,p_757eee7040d3_20,train,redacted/deepfashion_with_masks_balanced_10_20/p_757eee7040d3_20.jpg,top,sweater,casual,casual,casual_basic|soft,unknown,single_layer,unknown,unknown,unknown,solid,style_top|sweater|casual|unknown|unknown|casual_basic+soft
auto_style_005996,needs_review,0.69,color_mood_unknown|fit_unknown|silhouette_unknown|color_family_unknown,p_94fbe0eebea3,p_94fbe0eebea3_12,train,redacted/deepfashion_with_masks_balanced_10_20/p_94fbe0eebea3_12.jpg,top,tank,casual,casual,casual_basic,unknown,single_layer,unknown,unknown,unknown,solid,style_top|tank|casual|unknown|unknown|casual_basic
auto_style_006002,needs_review,0.66,color_mood_unknown|fit_unknown|silhouette_unknown|color_family_unknown,p_5cbdd849c636,p_5cbdd849c636_09,train,redacted/deepfashion_with_masks_balanced_10_20/p_5cbdd849c636_09.jpg,top,hoodie,casual,casual,casual_basic|streetwear,unknown,single_layer,unknown,unknown,unknown,stripe,style_top|hoodie|casual|unknown|unknown|casual_basic+streetwear
auto_style_006009,needs_review,0.69,color_mood_unknown|fit_unknown|silhouette_unknown|color_family_unknown,p_d7946699f638,p_d7946699f638_14,train,redacted/deepfashion_with_masks_balanced_10_20/p_d7946699f638_14.jpg,top,sweater,casual,casual,casual_basic|soft,unknown,single_layer,unknown,unknown,unknown,solid,style_top|sweater|casual|unknown|unknown|casual_basic+soft
auto_style_006014,needs_review,0.69,color_mood_unknown|fit_unknown|silhouette_unknown|color_family_unknown,p_aa2c5e36193e,p_aa2c5e36193e_10,train,redacted/deepfashion_with_masks_balanced_10_20/p_aa2c5e36193e_10.jpg,top,blouse,casual,casual,classic|minimal,unknown,single_layer,unknown,unknown,unknown,floral,style_top|blouse|casual|unknown|unknown|classic+minimal
auto_style_006025,needs_review,0.69,color_mood_unknown|fit_unknown|silhouette_unknown|color_family_unknown,p_8c2004dd7ede,p_8c2004dd7ede_10,train,redacted/deepfashion_with_masks_balanced_10_20/p_8c2004dd7ede_10.jpg,dress_jumpsuit,midi_dress,casual,casual,classic|romantic,unknown,single_layer,unknown,unknown,unknown,solid,style_dress_jumpsuit|midi_dress|casual|unknown|unknown|classic+romantic
auto_style_006036,needs_review,0.69,color_mood_unknown|fit_unknown|silhouette_unknown|color_family_unknown,p_cc73165c1cc7,p_cc73165c1cc7_09,train,redacted/deepfashion_with_masks_balanced_10_20/p_cc73165c1cc7_09.jpg,top,tank,casual,casual,casual_basic,unknown,single_layer,unknown,unknown,unknown,solid,style_top|tank|casual|unknown|unknown|casual_basic
auto_style_006041,needs_review,0.69,color_mood_unknown|fit_unknown|silhouette_unknown|color_family_unknown,p_d01dcbeb0075,p_d01dcbeb0075_10,train,redacted/deepfashion_with_masks_balanced_10_20/p_d01dcbeb0075_10.jpg,top,tank,casual,casual,casual_basic,unknown,single_layer,unknown,unknown,unknown,solid,style_top|tank|casual|unknown|unknown|casual_basic
auto_style_006045,needs_review,0.69,color_mood_unknown|fit_unknown|silhouette_unknown|color_family_unknown,p_3e7eecbbe3ec,p_3e7eecbbe3ec_12,train,redacted/deepfashion_with_masks_balanced_10_20/p_3e7eecbbe3ec_12.jpg,top,tank,casual,casual,casual_basic,unknown,single_layer,unknown,unknown,unknown,solid,style_top|tank|casual|unknown|unknown|casual_basic
auto_style_006054,needs_review,0.69,color_mood_unknown|fit_unknown|silhouette_unknown|color_family_unknown,p_e23651be94bb,p_e23651be94bb_12,train,redacted/deepfashion_with_masks_balanced_10_20/p_e23651be94bb_12.jpg,top,sweater,casual,casual,casual_basic|soft,unknown,single_layer,unknown,unknown,unknown,solid,style_top|sweater|casual|unknown|unknown|casual_basic+soft
auto_style_006061,needs_review,0.69,color_mood_unknown|fit_unknown|silhouette_unknown|color_family_unknown,p_330d9056eed4,p_330d9056eed4_15,train,redacted/deepfashion_with_masks_balanced_10_20/p_330d9056eed4_15.jpg,top,sweater,casual,casual,casual_basic|soft,unknown,single_layer,unknown,unknown,unknown,solid,style_top|sweater|casual|unknown|unknown|casual_basic+soft
auto_style_006068,needs_review,0.69,color_mood_unknown|fit_unknown|silhouette_unknown|color_family_unknown,p_7dd5f13e9cd9,p_7dd5f13e9cd9_11,train,redacted/deepfashion_with_masks_balanced_10_20/p_7dd5f13e9cd9_11.jpg,top,tank,casual,casual,casual_basic,unknown,single_layer,unknown,unknown,unknown,stripe,style_top|tank|casual|unknown|unknown|casual_basic
auto_style_006088,needs_review,0.69,color_mood_unknown|fit_unknown|silhouette_unknown|color_family_unknown,p_374c2d079092,p_374c2d079092_12,train,redacted/deepfashion_with_masks_balanced_10_20/p_374c2d079092_12.jpg,top,tank,casual,casual,casual_basic,unknown,single_layer,unknown,unknown,unknown,solid,style_top|tank|casual|unknown|unknown|casual_basic
auto_style_006107,needs_review,0.69,color_mood_unknown|fit_unknown|silhouette_unknown|color_family_unknown,p_44d4ce236cf5,p_44d4ce236cf5_10,train,redacted/deepfashion_with_masks_balanced_10_20/p_44d4ce236cf5_10.jpg,dress_jumpsuit,midi_dress,casual,casual,classic|romantic,unknown,single_layer,unknown,unknown,unknown,stripe,style_dress_jumpsuit|midi_dress|casual|unknown|unknown|classic+romantic
auto_style_006109,needs_review,0.69,color_mood_unknown|fit_unknown|silhouette_unknown|color_family_unknown,p_8250612d3097,p_8250612d3097_12,train,redacted/deepfashion_with_masks_balanced_10_20/p_8250612d3097_12.jpg,top,sweater,casual,casual,casual_basic|soft,unknown,single_layer,unknown,unknown,unknown,solid,style_top|sweater|casual|unknown|unknown|casual_basic+soft
auto_style_006118,needs_review,0.69,color_mood_unknown|fit_unknown|silhouette_unknown|color_family_unknown,p_5437c4377c7b,p_5437c4377c7b_15,train,redacted/deepfashion_with_masks_balanced_10_20/p_5437c4377c7b_15.jpg,top,tank,casual,casual,casual_basic,unknown,single_layer,unknown,unknown,unknown,stripe,style_top|tank|casual|unknown|unknown|casual_basic
auto_style_006124,needs_review,0.69,color_mood_unknown|fit_unknown|silhouette_unknown|color_family_unknown,p_70a46de0c3c4,p_70a46de0c3c4_14,train,redacted/deepfashion_with_masks_balanced_10_20/p_70a46de0c3c4_14.jpg,top,sweater,casual,casual,casual_basic|soft,unknown,single_layer,unknown,unknown,unknown,solid,style_top|sweater|casual|unknown|unknown|casual_basic+soft
auto_style_006134,needs_review,0.69,color_mood_unknown|fit_unknown|silhouette_unknown|color_family_unknown,p_f6f3364732d5,p_f6f3364732d5_10,train,redacted/deepfashion_with_masks_balanced_10_20/p_f6f3364732d5_10.jpg,top,sweater,casual,casual,casual_basic|soft,unknown,single_layer,unknown,unknown,unknown,solid,style_top|sweater|casual|unknown|unknown|casual_basic+soft
auto_style_006136,needs_review,0.69,color_mood_unknown|fit_unknown|silhouette_unknown|color_family_unknown,p_97f1078ae3b7,p_97f1078ae3b7_15,train,redacted/deepfashion_with_masks_balanced_10_20/p_97f1078ae3b7_15.jpg,dress_jumpsuit,midi_dress,casual,casual,classic|romantic,unknown,single_layer,unknown,unknown,unknown,solid,style_dress_jumpsuit|midi_dress|casual|unknown|unknown|classic+romantic
auto_style_006159,needs_review,0.69,color_mood_unknown|fit_unknown|silhouette_unknown|color_family_unknown,p_54bc9a43e9e3,p_54bc9a43e9e3_09,train,redacted/deepfashion_with_masks_balanced_10_20/p_54bc9a43e9e3_09.jpg,top,tank,casual,casual,casual_basic,unknown,single_layer,unknown,unknown,unknown,solid,style_top|tank|casual|unknown|unknown|casual_basic
auto_style_006163,needs_review,0.69,color_mood_unknown|fit_unknown|silhouette_unknown|color_family_unknown,p_6d933b9f48fb,p_6d933b9f48fb_12,train,redacted/deepfashion_with_masks_balanced_10_20/p_6d933b9f48fb_12.jpg,top,tank,casual,casual,casual_basic,unknown,single_layer,unknown,unknown,unknown,stripe,style_top|tank|casual|unknown|unknown|casual_basic
auto_style_006167,needs_review,0.69,color_mood_unknown|fit_unknown|silhouette_unknown|color_family_unknown,p_c28eca4a85d8,p_c28eca4a85d8_12,train,redacted/deepfashion_with_masks_balanced_10_20/p_c28eca4a85d8_12.jpg,top,tank,casual,casual,casual_basic,unknown,single_layer,unknown,unknown,unknown,solid,style_top|tank|casual|unknown|unknown|casual_basic
auto_style_006170,needs_review,0.66,color_mood_unknown|fit_unknown|silhouette_unknown|color_family_unknown,p_42c9ad368b3a,p_42c9ad368b3a_09,train,redacted/deepfashion_with_masks_balanced_10_20/p_42c9ad368b3a_09.jpg,top,cardigan,casual,casual,casual_basic|soft,unknown,light_layering,unknown,unknown,unknown,plaid,style_top|cardigan|casual|unknown|unknown|casual_basic+soft
auto_style_006172,needs_review,0.69,color_mood_unknown|fit_unknown|silhouette_unknown|color_family_unknown,p_144f85e66d32,p_144f85e66d32_10,train,redacted/deepfashion_with_masks_balanced_10_20/p_144f85e66d32_10.jpg,top,tank,casual,casual,casual_basic,unknown,single_layer,unknown,unknown,unknown,solid,style_top|tank|casual|unknown|unknown|casual_basic
auto_style_006182,needs_review,0.69,color_mood_unknown|fit_unknown|silhouette_unknown|color_family_unknown,p_9f903a8e8f83,p_9f903a8e8f83_09,train,redacted/deepfashion_with_masks_balanced_10_20/p_9f903a8e8f83_09.jpg,dress_jumpsuit,midi_dress,casual,casual,classic|romantic,unknown,single_layer,unknown,unknown,unknown,solid,style_dress_jumpsuit|midi_dress|casual|unknown|unknown|classic+romantic
auto_style_006187,needs_review,0.69,color_mood_unknown|fit_unknown|silhouette_unknown|color_family_unknown,p_b9eb072fb1ef,p_b9eb072fb1ef_18,train,redacted/deepfashion_with_masks_balanced_10_20/p_b9eb072fb1ef_18.jpg,top,tank,casual,casual,casual_basic,unknown,single_layer,unknown,unknown,unknown,solid,style_top|tank|casual|unknown|unknown|casual_basic
auto_style_006191,needs_review,0.69,color_mood_unknown|fit_unknown|silhouette_unknown|color_family_unknown,p_f162eac1f34f,p_f162eac1f34f_09,train,redacted/deepfashion_with_masks_balanced_10_20/p_f162eac1f34f_09.jpg,top,tank,casual,casual,casual_basic,unknown,single_layer,unknown,unknown,unknown,solid,style_top|tank|casual|unknown|unknown|casual_basic
auto_style_006207,needs_review,0.69,color_mood_unknown|fit_unknown|silhouette_unknown|color_family_unknown,p_d513a228f240,p_d513a228f240_16,train,redacted/deepfashion_with_masks_balanced_10_20/p_d513a228f240_16.jpg,top,sweater,casual,casual,casual_basic|soft,unknown,single_layer,unknown,unknown,unknown,solid,style_top|sweater|casual|unknown|unknown|casual_basic+soft
auto_style_006218,needs_review,0.69,color_mood_unknown|fit_unknown|silhouette_unknown|color_family_unknown,p_c2968b96427e,p_c2968b96427e_14,train,redacted/deepfashion_with_masks_balanced_10_20/p_c2968b96427e_14.jpg,top,tank,casual,casual,casual_basic,unknown,single_layer,unknown,unknown,unknown,solid,style_top|tank|casual|unknown|unknown|casual_basic
auto_style_006220,needs_review,0.69,color_mood_unknown|fit_unknown|silhouette_unknown|color_family_unknown,p_439e55f4b036,p_439e55f4b036_12,train,redacted/deepfashion_with_masks_balanced_10_20/p_439e55f4b036_12.jpg,top,sweater,casual,casual,casual_basic|soft,unknown,single_layer,unknown,unknown,unknown,solid,style_top|sweater|casual|unknown|unknown|casual_basic+soft
auto_style_006222,needs_review,0.69,color_mood_unknown|fit_unknown|silhouette_unknown|color_family_unknown,p_56dbaf9a349c,p_56dbaf9a349c_18,train,redacted/deepfashion_with_masks_balanced_10_20/p_56dbaf9a349c_18.jpg,top,tank,casual,casual,casual_basic,unknown,single_layer,unknown,unknown,unknown,solid,style_top|tank|casual|unknown|unknown|casual_basic
auto_style_006223,needs_review,0.69,color_mood_unknown|fit_unknown|silhouette_unknown|color_family_unknown,p_ea3b6e24cf6f,p_ea3b6e24cf6f_11,train,redacted/deepfashion_with_masks_balanced_10_20/p_ea3b6e24cf6f_11.jpg,top,sweater,casual,casual,casual_basic|soft,unknown,single_layer,unknown,unknown,unknown,solid,style_top|sweater|casual|unknown|unknown|casual_basic+soft
auto_style_006232,needs_review,0.69,color_mood_unknown|fit_unknown|silhouette_unknown|color_family_unknown,p_207a19789a31,p_207a19789a31_14,train,redacted/deepfashion_with_masks_balanced_10_20/p_207a19789a31_14.jpg,top,tank,casual,casual,casual_basic,unknown,single_layer,unknown,unknown,unknown,plaid,style_top|tank|casual|unknown|unknown|casual_basic
auto_style_006233,needs_review,0.69,color_mood_unknown|fit_unknown|silhouette_unknown|color_family_unknown,p_972be3accdf3,p_972be3accdf3_20,train,redacted/deepfashion_with_masks_balanced_10_20/p_972be3accdf3_20.jpg,top,sweater,casual,casual,casual_basic|soft,unknown,single_layer,unknown,unknown,unknown,solid,style_top|sweater|casual|unknown|unknown|casual_basic+soft
auto_style_006238,needs_review,0.69,color_mood_unknown|fit_unknown|silhouette_unknown|color_family_unknown,p_cee9b613ab6b,p_cee9b613ab6b_15,train,redacted/deepfashion_with_masks_balanced_10_20/p_cee9b613ab6b_15.jpg,top,tank,casual,casual,casual_basic,unknown,single_layer,unknown,unknown,unknown,solid,style_top|tank|casual|unknown|unknown|casual_basic
auto_style_006244,needs_review,0.69,color_mood_unknown|fit_unknown|silhouette_unknown|color_family_unknown,p_2a4f88be6138,p_2a4f88be6138_13,train,redacted/deepfashion_with_masks_balanced_10_20/p_2a4f88be6138_13.jpg,dress_jumpsuit,midi_dress,casual,casual,classic|romantic,unknown,single_layer,unknown,unknown,unknown,stripe,style_dress_jumpsuit|midi_dress|casual|unknown|unknown|classic+romantic
auto_style_006249,needs_review,0.69,color_mood_unknown|fit_unknown|silhouette_unknown|color_family_unknown,p_80da9190aff9,p_80da9190aff9_11,train,redacted/deepfashion_with_masks_balanced_10_20/p_80da9190aff9_11.jpg,top,tank,casual,casual,casual_basic,unknown,single_layer,unknown,unknown,unknown,solid,style_top|tank|casual|unknown|unknown|casual_basic
auto_style_006262,needs_review,0.69,color_mood_unknown|fit_unknown|silhouette_unknown|color_family_unknown,p_cc73165c1cc7,p_cc73165c1cc7_10,train,redacted/deepfashion_with_masks_balanced_10_20/p_cc73165c1cc7_10.jpg,top,tank,casual,casual,casual_basic,unknown,single_layer,unknown,unknown,unknown,solid,style_top|tank|casual|unknown|unknown|casual_basic
auto_style_006269,needs_review,0.69,color_mood_unknown|fit_unknown|silhouette_unknown|color_family_unknown,p_207a19789a31,p_207a19789a31_15,train,redacted/deepfashion_with_masks_balanced_10_20/p_207a19789a31_15.jpg,top,tank,casual,casual,casual_basic,unknown,single_layer,unknown,unknown,unknown,plaid,style_top|tank|casual|unknown|unknown|casual_basic
auto_style_006270,needs_review,0.69,color_mood_unknown|fit_unknown|silhouette_unknown|color_family_unknown,p_05bd2c7c1b64,p_05bd2c7c1b64_12,train,redacted/deepfashion_with_masks_balanced_10_20/p_05bd2c7c1b64_12.jpg,top,sweater,casual,casual,casual_basic|soft,unknown,single_layer,unknown,unknown,unknown,solid,style_top|sweater|casual|unknown|unknown|casual_basic+soft
auto_style_006271,needs_review,0.66,color_mood_unknown|fit_unknown|silhouette_unknown|color_family_unknown,p_e586ac3a5344,p_e586ac3a5344_14,train,redacted/deepfashion_with_masks_balanced_10_20/p_e586ac3a5344_14.jpg,dress_jumpsuit,romper,casual,casual,classic|romantic,unknown,single_layer,unknown,unknown,unknown,solid,style_dress_jumpsuit|romper|casual|unknown|unknown|classic+romantic
auto_style_006277,needs_review,0.66,color_mood_unknown|fit_unknown|silhouette_unknown|color_family_unknown,p_7186f8dcf44e,p_7186f8dcf44e_09,train,redacted/deepfashion_with_masks_balanced_10_20/p_7186f8dcf44e_09.jpg,top,cardigan,casual,casual,casual_basic|soft,unknown,light_layering,unknown,unknown,unknown,solid,style_top|cardigan|casual|unknown|unknown|casual_basic+soft
auto_style_006279,needs_review,0.69,color_mood_unknown|fit_unknown|silhouette_unknown|color_family_unknown,p_5437c4377c7b,p_5437c4377c7b_16,train,redacted/deepfashion_with_masks_balanced_10_20/p_5437c4377c7b_16.jpg,top,tank,casual,casual,casual_basic,unknown,single_layer,unknown,unknown,unknown,stripe,style_top|tank|casual|unknown|unknown|casual_basic
auto_style_006283,needs_review,0.69,color_mood_unknown|fit_unknown|silhouette_unknown|color_family_unknown,p_9e3ce1caae7c,p_9e3ce1caae7c_19,train,redacted/deepfashion_with_masks_balanced_10_20/p_9e3ce1caae7c_19.jpg,top,sweater,casual,casual,casual_basic|soft,unknown,single_layer,unknown,unknown,unknown,solid,style_top|sweater|casual|unknown|unknown|casual_basic+soft
auto_style_006289,needs_review,0.69,color_mood_unknown|fit_unknown|silhouette_unknown|color_family_unknown,p_a6deb658ecb3,p_a6deb658ecb3_10,train,redacted/deepfashion_with_masks_balanced_10_20/p_a6deb658ecb3_10.jpg,top,blouse,casual,casual,classic|minimal,unknown,single_layer,unknown,unknown,unknown,solid,style_top|blouse|casual|unknown|unknown|classic+minimal
auto_style_006299,needs_review,0.69,color_mood_unknown|fit_unknown|silhouette_unknown|color_family_unknown,p_2e1f3f512fef,p_2e1f3f512fef_13,train,redacted/deepfashion_with_masks_balanced_10_20/p_2e1f3f512fef_13.jpg,top,tank,casual,casual,casual_basic,unknown,single_layer,unknown,unknown,unknown,stripe,style_top|tank|casual|unknown|unknown|casual_basic
auto_style_006300,needs_review,0.69,color_mood_unknown|fit_unknown|silhouette_unknown|color_family_unknown,p_c010af0ada5f,p_c010af0ada5f_09,train,redacted/deepfashion_with_masks_balanced_10_20/p_c010af0ada5f_09.jpg,top,tank,casual,casual,casual_basic,unknown,single_layer,unknown,unknown,unknown,stripe,style_top|tank|casual|unknown|unknown|casual_basic
auto_style_006308,needs_review,0.69,color_mood_unknown|fit_unknown|silhouette_unknown|color_family_unknown,p_704cabed88d6,p_704cabed88d6_14,train,redacted/deepfashion_with_masks_balanced_10_20/p_704cabed88d6_14.jpg,top,sweater,casual,casual,casual_basic|soft,unknown,single_layer,unknown,unknown,unknown,solid,style_top|sweater|casual|unknown|unknown|casual_basic+soft
auto_style_006311,needs_review,0.69,color_mood_unknown|fit_unknown|silhouette_unknown|color_family_unknown,p_50d3936aa886,p_50d3936aa886_14,train,redacted/deepfashion_with_masks_balanced_10_20/p_50d3936aa886_14.jpg,top,blouse,casual,casual,classic|minimal,unknown,single_layer,unknown,unknown,unknown,solid,style_top|blouse|casual|unknown|unknown|classic+minimal
auto_style_006316,needs_review,0.66,color_mood_unknown|fit_unknown|silhouette_unknown|color_family_unknown,p_5cbdd849c636,p_5cbdd849c636_10,train,redacted/deepfashion_with_masks_balanced_10_20/p_5cbdd849c636_10.jpg,top,hoodie,casual,casual,casual_basic|streetwear,unknown,single_layer,unknown,unknown,unknown,stripe,style_top|hoodie|casual|unknown|unknown|casual_basic+streetwear
auto_style_006320,needs_review,0.69,color_mood_unknown|fit_unknown|silhouette_unknown|color_family_unknown,p_c2968b96427e,p_c2968b96427e_15,train,redacted/deepfashion_with_masks_balanced_10_20/p_c2968b96427e_15.jpg,top,tank,casual,casual,casual_basic,unknown,single_layer,unknown,unknown,unknown,solid,style_top|tank|casual|unknown|unknown|casual_basic
auto_style_006321,needs_review,0.69,color_mood_unknown|fit_unknown|silhouette_unknown|color_family_unknown,p_2e1f3f512fef,p_2e1f3f512fef_14,train,redacted/deepfashion_with_masks_balanced_10_20/p_2e1f3f512fef_14.jpg,top,tank,casual,casual,casual_basic,unknown,single_layer,unknown,unknown,unknown,stripe,style_top|tank|casual|unknown|unknown|casual_basic
auto_style_006335,needs_review,0.69,color_mood_unknown|fit_unknown|silhouette_unknown|color_family_unknown,p_207a19789a31,p_207a19789a31_16,train,redacted/deepfashion_with_masks_balanced_10_20/p_207a19789a31_16.jpg,top,tank,casual,casual,casual_basic,unknown,single_layer,unknown,unknown,unknown,plaid,style_top|tank|casual|unknown|unknown|casual_basic
auto_style_006336,needs_review,0.69,color_mood_unknown|fit_unknown|silhouette_unknown|color_family_unknown,p_313db47e4f92,p_313db47e4f92_12,train,redacted/deepfashion_with_masks_balanced_10_20/p_313db47e4f92_12.jpg,top,sweater,casual,casual,casual_basic|soft,unknown,single_layer,unknown,unknown,unknown,stripe,style_top|sweater|casual|unknown|unknown|casual_basic+soft
auto_style_006337,needs_review,0.69,color_mood_unknown|fit_unknown|silhouette_unknown|color_family_unknown,p_efd82dd7f4b6,p_efd82dd7f4b6_17,train,redacted/deepfashion_with_masks_balanced_10_20/p_efd82dd7f4b6_17.jpg,top,blouse,casual,casual,classic|minimal,unknown,single_layer,unknown,unknown,unknown,solid,style_top|blouse|casual|unknown|unknown|classic+minimal
auto_style_006338,needs_review,0.69,color_mood_unknown|fit_unknown|silhouette_unknown|color_family_unknown,p_cd235380485b,p_cd235380485b_14,train,redacted/deepfashion_with_masks_balanced_10_20/p_cd235380485b_14.jpg,top,tank,casual,casual,casual_basic,unknown,single_layer,unknown,unknown,unknown,stripe,style_top|tank|casual|unknown|unknown|casual_basic
auto_style_006363,needs_review,0.69,color_mood_unknown|fit_unknown|silhouette_unknown|color_family_unknown,p_2e1f3f512fef,p_2e1f3f512fef_15,train,redacted/deepfashion_with_masks_balanced_10_20/p_2e1f3f512fef_15.jpg,top,tank,casual,casual,casual_basic,unknown,single_layer,unknown,unknown,unknown,stripe,style_top|tank|casual|unknown|unknown|casual_basic
auto_style_006364,needs_review,0.69,color_mood_unknown|fit_unknown|silhouette_unknown|color_family_unknown,p_dc1124d71733,p_dc1124d71733_16,train,redacted/deepfashion_with_masks_balanced_10_20/p_dc1124d71733_16.jpg,top,tank,casual,casual,casual_basic,unknown,single_layer,unknown,unknown,unknown,stripe,style_top|tank|casual|unknown|unknown|casual_basic
auto_style_006367,needs_review,0.66,color_mood_unknown|fit_unknown|silhouette_unknown|color_family_unknown,p_e3e16c8e51cb,p_e3e16c8e51cb_10,train,redacted/deepfashion_with_masks_balanced_10_20/p_e3e16c8e51cb_10.jpg,top,cardigan,casual,casual,casual_basic|soft,unknown,light_layering,unknown,unknown,unknown,solid,style_top|cardigan|casual|unknown|unknown|casual_basic+soft
auto_style_006379,needs_review,0.69,color_mood_unknown|fit_unknown|silhouette_unknown|color_family_unknown,p_c2a7c8940e3b,p_c2a7c8940e3b_16,train,redacted/deepfashion_with_masks_balanced_10_20/p_c2a7c8940e3b_16.jpg,top,sweater,casual,casual,casual_basic|soft,unknown,single_layer,unknown,unknown,unknown,solid,style_top|sweater|casual|unknown|unknown|casual_basic+soft
auto_style_006384,needs_review,0.69,color_mood_unknown|fit_unknown|silhouette_unknown|color_family_unknown,p_2e1f3f512fef,p_2e1f3f512fef_16,train,redacted/deepfashion_with_masks_balanced_10_20/p_2e1f3f512fef_16.jpg,top,tank,casual,casual,casual_basic,unknown,single_layer,unknown,unknown,unknown,stripe,style_top|tank|casual|unknown|unknown|casual_basic
auto_style_006408,needs_review,0.66,color_mood_unknown|fit_unknown|silhouette_unknown|color_family_unknown,p_7f17e672a3ac,p_7f17e672a3ac_12,train,redacted/deepfashion_with_masks_balanced_10_20/p_7f17e672a3ac_12.jpg,dress_jumpsuit,romper,casual,casual,classic|romantic,unknown,single_layer,unknown,unknown,unknown,solid,style_dress_jumpsuit|romper|casual|unknown|unknown|classic+romantic
auto_style_006410,needs_review,0.69,color_mood_unknown|fit_unknown|silhouette_unknown|color_family_unknown,p_56194ed001cc,p_56194ed001cc_11,train,redacted/deepfashion_with_masks_balanced_10_20/p_56194ed001cc_11.jpg,top,blouse,casual,casual,classic|minimal,unknown,single_layer,unknown,unknown,unknown,solid,style_top|blouse|casual|unknown|unknown|classic+minimal
auto_style_006412,needs_review,0.66,color_mood_unknown|fit_unknown|silhouette_unknown|color_family_unknown,p_1bcb6ee0e7e6,p_1bcb6ee0e7e6_12,train,redacted/deepfashion_with_masks_balanced_10_20/p_1bcb6ee0e7e6_12.jpg,dress_jumpsuit,romper,casual,casual,classic|romantic,unknown,single_layer,unknown,unknown,unknown,stripe,style_dress_jumpsuit|romper|casual|unknown|unknown|classic+romantic
auto_style_006416,needs_review,0.69,color_mood_unknown|fit_unknown|silhouette_unknown|color_family_unknown,p_cf74eabb8a1d,p_cf74eabb8a1d_12,train,redacted/deepfashion_with_masks_balanced_10_20/p_cf74eabb8a1d_12.jpg,top,sweater,casual,casual,casual_basic|soft,unknown,single_layer,unknown,unknown,unknown,solid,style_top|sweater|casual|unknown|unknown|casual_basic+soft
auto_style_006424,needs_review,0.69,color_mood_unknown|fit_unknown|silhouette_unknown|color_family_unknown,p_a2de569a1d7f,p_a2de569a1d7f_16,train,redacted/deepfashion_with_masks_balanced_10_20/p_a2de569a1d7f_16.jpg,top,tank,casual,casual,casual_basic,unknown,single_layer,unknown,unknown,unknown,solid,style_top|tank|casual|unknown|unknown|casual_basic
auto_style_006425,needs_review,0.69,color_mood_unknown|fit_unknown|silhouette_unknown|color_family_unknown,p_704cabed88d6,p_704cabed88d6_15,train,redacted/deepfashion_with_masks_balanced_10_20/p_704cabed88d6_15.jpg,top,sweater,casual,casual,casual_basic|soft,unknown,single_layer,unknown,unknown,unknown,solid,style_top|sweater|casual|unknown|unknown|casual_basic+soft
auto_style_006433,needs_review,0.69,color_mood_unknown|fit_unknown|silhouette_unknown|color_family_unknown,p_144f85e66d32,p_144f85e66d32_11,train,redacted/deepfashion_with_masks_balanced_10_20/p_144f85e66d32_11.jpg,top,tank,casual,casual,casual_basic,unknown,single_layer,unknown,unknown,unknown,solid,style_top|tank|casual|unknown|unknown|casual_basic
auto_style_006441,needs_review,0.69,color_mood_unknown|fit_unknown|silhouette_unknown|color_family_unknown,p_18d64ba2ff31,p_18d64ba2ff31_12,train,redacted/deepfashion_with_masks_balanced_10_20/p_18d64ba2ff31_12.jpg,top,sweater,casual,casual,casual_basic|soft,unknown,single_layer,unknown,unknown,unknown,solid,style_top|sweater|casual|unknown|unknown|casual_basic+soft
auto_style_006472,needs_review,0.69,color_mood_unknown|fit_unknown|silhouette_unknown|color_family_unknown,p_cd235380485b,p_cd235380485b_15,train,redacted/deepfashion_with_masks_balanced_10_20/p_cd235380485b_15.jpg,top,tank,casual,casual,casual_basic,unknown,single_layer,unknown,unknown,unknown,stripe,style_top|tank|casual|unknown|unknown|casual_basic
auto_style_006482,needs_review,0.66,color_mood_unknown|fit_unknown|silhouette_unknown|color_family_unknown,p_5cbdd849c636,p_5cbdd849c636_11,train,redacted/deepfashion_with_masks_balanced_10_20/p_5cbdd849c636_11.jpg,top,hoodie,casual,casual,casual_basic|streetwear,unknown,single_layer,unknown,unknown,unknown,stripe,style_top|hoodie|casual|unknown|unknown|casual_basic+streetwear
auto_style_006491,needs_review,0.66,color_mood_unknown|fit_unknown|silhouette_unknown|color_family_unknown,p_42c9ad368b3a,p_42c9ad368b3a_10,train,redacted/deepfashion_with_masks_balanced_10_20/p_42c9ad368b3a_10.jpg,top,cardigan,casual,casual,casual_basic|soft,unknown,light_layering,unknown,unknown,unknown,solid,style_top|cardigan|casual|unknown|unknown|casual_basic+soft
auto_style_006494,needs_review,0.69,color_mood_unknown|fit_unknown|silhouette_unknown|color_family_unknown,p_97f1078ae3b7,p_97f1078ae3b7_16,train,redacted/deepfashion_with_masks_balanced_10_20/p_97f1078ae3b7_16.jpg,dress_jumpsuit,midi_dress,casual,casual,classic|romantic,unknown,single_layer,unknown,unknown,unknown,solid,style_dress_jumpsuit|midi_dress|casual|unknown|unknown|classic+romantic
auto_style_006508,needs_review,0.69,color_mood_unknown|fit_unknown|silhouette_unknown|color_family_unknown,p_75311f6483f7,p_75311f6483f7_16,train,redacted/deepfashion_with_masks_balanced_10_20/p_75311f6483f7_16.jpg,top,tank,casual,casual,casual_basic,unknown,single_layer,unknown,unknown,unknown,solid,style_top|tank|casual|unknown|unknown|casual_basic
auto_style_006511,needs_review,0.69,color_mood_unknown|fit_unknown|silhouette_unknown|color_family_unknown,p_8ce5df8389c0,p_8ce5df8389c0_16,train,redacted/deepfashion_with_masks_balanced_10_20/p_8ce5df8389c0_16.jpg,top,blouse,casual,casual,classic|minimal,unknown,single_layer,unknown,unknown,unknown,solid,style_top|blouse|casual|unknown|unknown|classic+minimal
auto_style_006513,needs_review,0.69,color_mood_unknown|fit_unknown|silhouette_unknown|color_family_unknown,p_9fc07204fcdf,p_9fc07204fcdf_16,train,redacted/deepfashion_with_masks_balanced_10_20/p_9fc07204fcdf_16.jpg,top,blouse,casual,casual,classic|minimal,unknown,single_layer,unknown,unknown,unknown,solid,style_top|blouse|casual|unknown|unknown|classic+minimal
auto_style_006520,needs_review,0.69,color_mood_unknown|fit_unknown|silhouette_unknown|color_family_unknown,p_7dd5f13e9cd9,p_7dd5f13e9cd9_12,train,redacted/deepfashion_with_masks_balanced_10_20/p_7dd5f13e9cd9_12.jpg,top,tank,casual,casual,casual_basic,unknown,single_layer,unknown,unknown,unknown,stripe,style_top|tank|casual|unknown|unknown|casual_basic
auto_style_006528,needs_review,0.69,color_mood_unknown|fit_unknown|silhouette_unknown|color_family_unknown,p_9f903a8e8f83,p_9f903a8e8f83_12,train,redacted/deepfashion_with_masks_balanced_10_20/p_9f903a8e8f83_12.jpg,dress_jumpsuit,midi_dress,casual,casual,classic|romantic,unknown,single_layer,unknown,unknown,unknown,stripe,style_dress_jumpsuit|midi_dress|casual|unknown|unknown|classic+romantic
auto_style_006531,needs_review,0.69,color_mood_unknown|fit_unknown|silhouette_unknown|color_family_unknown,p_7d1de64532ed,p_7d1de64532ed_16,train,redacted/deepfashion_with_masks_balanced_10_20/p_7d1de64532ed_16.jpg,top,tank,casual,casual,casual_basic,unknown,single_layer,unknown,unknown,unknown,solid,style_top|tank|casual|unknown|unknown|casual_basic
auto_style_006535,needs_review,0.69,color_mood_unknown|fit_unknown|silhouette_unknown|color_family_unknown,p_c010af0ada5f,p_c010af0ada5f_10,train,redacted/deepfashion_with_masks_balanced_10_20/p_c010af0ada5f_10.jpg,top,tank,casual,casual,casual_basic,unknown,single_layer,unknown,unknown,unknown,stripe,style_top|tank|casual|unknown|unknown|casual_basic
auto_style_006553,needs_review,0.66,color_mood_unknown|fit_unknown|silhouette_unknown|color_family_unknown,p_e3e16c8e51cb,p_e3e16c8e51cb_11,train,redacted/deepfashion_with_masks_balanced_10_20/p_e3e16c8e51cb_11.jpg,top,cardigan,casual,casual,casual_basic|soft,unknown,light_layering,unknown,unknown,unknown,solid,style_top|cardigan|casual|unknown|unknown|casual_basic+soft
auto_style_006554,needs_review,0.69,color_mood_unknown|fit_unknown|silhouette_unknown|color_family_unknown,p_cd235380485b,p_cd235380485b_16,train,redacted/deepfashion_with_masks_balanced_10_20/p_cd235380485b_16.jpg,top,tank,casual,casual,casual_basic,unknown,single_layer,unknown,unknown,unknown,stripe,style_top|tank|casual|unknown|unknown|casual_basic
auto_style_006557,needs_review,0.66,color_mood_unknown|fit_unknown|silhouette_unknown|color_family_unknown,p_5cbdd849c636,p_5cbdd849c636_12,train,redacted/deepfashion_with_masks_balanced_10_20/p_5cbdd849c636_12.jpg,top,hoodie,casual,casual,casual_basic|streetwear,unknown,single_layer,unknown,unknown,unknown,stripe,style_top|hoodie|casual|unknown|unknown|casual_basic+streetwear
auto_style_006570,needs_review,0.69,color_mood_unknown|fit_unknown|silhouette_unknown|color_family_unknown,p_15ff0c6514e7,p_15ff0c6514e7_12,train,redacted/deepfashion_with_masks_balanced_10_20/p_15ff0c6514e7_12.jpg,top,tank,casual,casual,casual_basic,unknown,single_layer,unknown,unknown,unknown,solid,style_top|tank|casual|unknown|unknown|casual_basic
auto_style_006578,needs_review,0.69,color_mood_unknown|fit_unknown|silhouette_unknown|color_family_unknown,p_44ca0dc442d7,p_44ca0dc442d7_16,train,redacted/deepfashion_with_masks_balanced_10_20/p_44ca0dc442d7_16.jpg,top,sweater,casual,casual,casual_basic|soft,unknown,single_layer,unknown,unknown,unknown,solid,style_top|sweater|casual|unknown|unknown|casual_basic+soft
auto_style_006579,needs_review,0.69,color_mood_unknown|fit_unknown|silhouette_unknown|color_family_unknown,p_d01dcbeb0075,p_d01dcbeb0075_12,train,redacted/deepfashion_with_masks_balanced_10_20/p_d01dcbeb0075_12.jpg,top,tank,casual,casual,casual_basic,unknown,single_layer,unknown,unknown,unknown,solid,style_top|tank|casual|unknown|unknown|casual_basic
auto_style_006585,needs_review,0.69,color_mood_unknown|fit_unknown|silhouette_unknown|color_family_unknown,p_d2b98093e34b,p_d2b98093e34b_13,train,redacted/deepfashion_with_masks_balanced_10_20/p_d2b98093e34b_13.jpg,top,blouse,casual,casual,classic|minimal,unknown,single_layer,unknown,unknown,unknown,solid,style_top|blouse|casual|unknown|unknown|classic+minimal
auto_style_006604,needs_review,0.69,color_mood_unknown|fit_unknown|silhouette_unknown|color_family_unknown,p_f36b087b299f,p_f36b087b299f_19,train,redacted/deepfashion_with_masks_balanced_10_20/p_f36b087b299f_19.jpg,top,tank,casual,casual,casual_basic,unknown,single_layer,unknown,unknown,unknown,solid,style_top|tank|casual|unknown|unknown|casual_basic
auto_style_006609,needs_review,0.69,color_mood_unknown|fit_unknown|silhouette_unknown|color_family_unknown,p_44d4ce236cf5,p_44d4ce236cf5_12,train,redacted/deepfashion_with_masks_balanced_10_20/p_44d4ce236cf5_12.jpg,dress_jumpsuit,midi_dress,casual,casual,classic|romantic,unknown,single_layer,unknown,unknown,unknown,stripe,style_dress_jumpsuit|midi_dress|casual|unknown|unknown|classic+romantic
